OTU,ARMS_BelgiumCoast_AJJC81_20200506_20201012_MF100_s1_r1,ARMS_BelgiumCoast_AJJC81_20200506_20201012_MF500_s1_r1,ARMS_BelgiumCoast_AJJC86_20200506_20201012_MF100_s1_r1,ARMS_BelgiumCoast_AJJC86_20200506_20201012_MF500_s1_r1,ARMS_BelgiumCoast_AJJCD78_20200506_20201012_MF100_s1_r1,ARMS_TZS_Angbat_20200608_20201117_MF100_ETOH_s1_r1,ARMS_TZS_Angbat_20200608_20201117_MF500_ETOH_s1_r1,ARMS_TZS_Angbat_20200608_20201117_SF40_ETOH_s1_r1,ARMS_TZS_Kummelkobben_20200608_20201120_MF100_ETOH_s1_r1,ARMS_TZS_Kummelkobben_20200608_20201120_MF500_ETOH_s1_r1,ARMS_TZS_Kummelkobben_20200608_20201120_SF40_ETOH_s1_r1,ARMS_Crete_1HERP_20200903_20210122_MF500_s1_r1,ARMS_Crete_1HERP_20200903_20210122_MF90_s1_r1,ARMS_Crete_1HERP_20200903_20210122_SF_s1_r1,ARMS_Getxo_G1_20200624_20201103_MF100_s1_r1,ARMS_Getxo_G1_20200624_20201103_MF500_s1_r1,ARMS_Getxo_G1_20200624_20201103_SF40_s1_r1,ARMS_Getxo_G2_20200624_20201103_MF100_s1_r1,ARMS_Getxo_G2_20200624_20201103_SF40_s1_r1,ARMS_Getxo_G3_20200624_20201103_MF100_s1_r1,ARMS_Getxo_G3_20200624_20201103_SF40_s1_r1,Classification,TAXON:NCBI_TAX_ID
Otu486,0,0,0,0,0,0,0,0,0,0,0,0,0,0,0,0,2,0,0,0,0,Main genome;Eukaryota;Opisthokonta;Metazoa;Bryozoa;NA;NA;NA;NA;NA;NA,Bryozoa:10205
Otu487,0,0,0,0,0,0,0,0,0,0,0,0,0,0,0,0,2,0,0,0,0,Main genome;Eukaryota;Stramenopiles;Opalozoa;MAST-12;MAST-12A;NA;NA;NA;NA;NA,Opalozoa:2683629
Otu488,0,0,0,0,0,0,0,0,0,0,0,0,0,0,0,0,2,0,0,0,0,Main genome;Eukaryota;Alveolata;Dinoflagellata;Dinophyceae;NA;NA;NA;NA;NA;NA,Dinophyceae:2864
Otu510,0,0,0,0,0,0,0,1,0,0,0,0,0,0,1,0,1,0,0,0,0,Main genome;Eukaryota;Stramenopiles;Sagenista;MAST-6;NA;NA;NA;NA;NA;NA,MAST-6:29322
Otu318,0,0,0,0,0,0,0,1,4,0,0,0,0,0,0,0,0,0,0,0,0,Main genome;Eukaryota;Stramenopiles;Ochrophyta;Bacillariophyta;Araphid-pennate;NA;NA;NA;NA;NA,Bacillariophyta:2836
Otu319,0,0,0,0,0,0,0,0,4,0,0,0,0,0,0,0,0,0,0,0,0,Main genome;Eukaryota;NA;NA;NA;NA;NA;NA;NA;NA;NA,Eukaryota:2759
Otu310,0,0,0,0,0,0,0,4,0,0,0,0,0,0,0,0,0,0,0,0,0,Main genome;Eukaryota;Alveolata;Ciliophora;Oligohymenophorea;Peritrichia;Vaginicolidae;NA;NA;NA;NA,Vaginicolidae:168252
Otu311,0,0,0,0,0,0,0,4,0,0,0,0,0,0,0,0,0,0,0,0,0,Main genome;Eukaryota;Opisthokonta;Metazoa;Rotifera;NA;NA;NA;NA;NA;NA,Metazoa:33208
Otu313,0,0,0,0,0,0,0,0,4,0,0,0,0,0,0,0,0,0,0,0,0,Main genome;Eukaryota;Amoebozoa;Lobosa;Discosea-Flabellinia;Vannellida;Vannellidae;NA;NA;NA;NA,Vannellidae:95227
Otu314,0,0,0,0,0,0,0,1,4,0,0,0,0,0,0,0,0,0,0,0,0,Main genome;Eukaryota;Stramenopiles;Ochrophyta;Bacillariophyta;Radial-centric-basal-Coscinodiscophyceae;NA;NA;NA;NA;NA,Radial-centric-basal-Coscinodiscophyceae:33836
Otu315,0,0,0,0,0,0,0,0,4,0,0,0,0,0,0,0,0,0,0,0,0,Main genome;Eukaryota;Stramenopiles;Pseudofungi;NA;NA;NA;NA;NA;NA;NA,Stramenopiles:33634
Otu316,0,0,0,0,0,0,0,0,4,0,0,0,0,0,0,0,0,0,0,0,0,Main genome;Eukaryota;Stramenopiles;Ochrophyta;Chrysophyceae;NA;NA;NA;NA;NA;NA,Chrysophyceae:2825
Otu317,0,0,0,0,0,0,0,0,4,0,0,0,0,0,0,0,0,0,0,0,0,Main genome;Eukaryota;Rhizaria;Cercozoa;Filosa-Imbricatea;Novel-Clade-2;NA;NA;NA;NA;NA,Filosa-Imbricatea:1736114
Otu417,0,0,0,2,0,0,0,0,0,0,0,0,0,0,0,0,0,0,0,0,0,Main genome;Eukaryota;Opisthokonta;Metazoa;Porifera;Homoscleromorpha;NA;NA;NA;NA;NA,Homoscleromorpha:80999
Otu416,0,0,0,2,0,0,2,0,0,0,0,0,0,0,0,0,0,0,0,0,0,Main genome;Eukaryota;Alveolata;Apicomplexa;Gregarinomorphea;Selenidium1;sensimae;NA;NA;NA;Selenidium1_sensimae,Apicomplexa:5794
Otu415,0,0,0,2,0,0,0,2,0,0,0,0,0,0,0,0,0,0,0,0,0,Main genome;Eukaryota;Stramenopiles;Ochrophyta;Bacillariophyta;Raphid-pennate;NA;NA;NA;NA;NA,Bacillariophyta:2836
Otu414,0,0,0,2,0,0,0,0,0,0,0,0,0,0,0,0,0,0,0,0,0,Main genome;Eukaryota;Alveolata;Apicomplexa;Gregarinomorphea;Eugregarinorida;Cephaloidophoridae;NA;NA;NA;NA,Cephaloidophoridae:947083
Otu413,0,0,2,0,0,0,0,0,0,0,0,0,0,0,0,0,0,0,0,0,0,Main genome;Eukaryota;Stramenopiles;Ochrophyta;NA;NA;NA;NA;NA;NA;NA,Ochrophyta:2696291
Otu412,0,0,2,0,0,0,0,0,0,0,0,0,0,0,0,0,0,0,0,0,0,Main genome;Eukaryota;Opisthokonta;Fungi;Ascomycota;Pezizomycotina;NA;NA;NA;NA;NA,Pezizomycotina:147538
Otu410,2,0,0,0,0,0,0,1,1,0,0,0,0,0,0,0,0,0,0,0,0,Main genome;Eukaryota;Stramenopiles;Ochrophyta;Bacillariophyta;Raphid-pennate;NA;NA;NA;NA;NA,Bacillariophyta:2836
Otu279,0,0,0,0,0,0,0,0,5,0,0,0,0,0,0,0,0,0,0,0,0,Main genome;Eukaryota;Rhizaria;Cercozoa;NA;NA;NA;NA;NA;NA;NA,Cercozoa:136419
Otu419,0,0,0,0,2,0,0,0,0,0,2,2,0,1,2,0,1,0,0,0,0,Main genome;Eukaryota;Opisthokonta;Metazoa;Arthropoda;Crustacea;Maxillopoda;Cyclopina;NA;NA;NA,Cyclopina:938102
Otu418,0,0,0,2,0,0,0,0,0,0,0,0,0,0,0,0,0,0,0,0,0,Main genome;Eukaryota;Rhizaria;Cercozoa;NA;NA;NA;NA;NA;NA;NA,Cercozoa:136419
Otu278,0,0,0,0,0,0,0,0,5,0,0,0,0,0,0,0,0,0,0,0,0,Main genome;Eukaryota;Opisthokonta;Metazoa;Craniata;Teleostei;Clupea;harengus;NA;NA;Clupea_harengus,Clupea_harengus:7950
Otu49,0,72,0,0,0,0,0,0,0,0,0,0,0,0,0,0,0,0,0,0,0,Main genome;Eukaryota;Opisthokonta;Metazoa;NA;NA;NA;NA;NA;NA;NA,Metazoa:33208
Otu58,0,43,0,0,0,0,0,0,0,0,5,0,0,0,0,0,0,0,0,0,0,Main genome;Eukaryota;Opisthokonta;Metazoa;Arthropoda;Crustacea;Maxillopoda;NA;NA;NA;NA,Crustacea:6657
Otu59,0,0,0,0,0,0,0,0,0,0,0,0,0,0,0,0,47,0,0,0,0,Main genome;Eukaryota;Alveolata;Apicomplexa;Gregarinomorphea;Eugregarinorida;Lecudinidae;NA;NA;NA;NA,Lecudinidae:158377
Otu389,0,0,0,0,0,0,0,0,0,0,0,0,0,0,0,0,5,0,1,0,0,Main genome;Eukaryota;Alveolata;Apicomplexa;Gregarinomorphea;Selenidium1;boccardiellae;NA;NA;NA;Selenidium1_boccardiellae,Apicomplexa:5794
Otu385,0,0,0,0,0,0,0,0,0,0,0,0,0,0,0,0,8,0,2,0,3,Main genome;Eukaryota;Opisthokonta;Metazoa;Annelida;NA;NA;NA;NA;NA;NA,Annelida:6340
Otu384,0,0,0,0,0,0,0,0,0,0,0,0,0,0,0,0,3,0,0,0,0,Main genome;Eukaryota;Opisthokonta;Metazoa;Nematoda;Chromadorea;NA;NA;NA;NA;NA,Chromadorea:119089
Otu271,0,0,0,0,0,0,0,5,0,0,0,0,0,0,0,0,4,0,0,0,0,Main genome;Eukaryota;Stramenopiles;Ochrophyta;Bacillariophyta;Radial-centric-basal-Coscinodiscophyceae;Melosira;NA;NA;NA;NA,Melosira:35124
Otu381,0,0,0,0,0,0,0,0,0,0,0,3,0,0,0,0,0,0,0,1,0,Main genome;Eukaryota;Alveolata;Apicomplexa;Gregarinomorphea;Eugregarinorida;Uradiphoridae;NA;NA;NA;NA,Eugregarinorida:35087
Otu379,0,0,0,0,0,0,0,1,1,0,0,3,0,0,0,0,0,0,0,0,0,Main genome;Eukaryota;Opisthokonta;Metazoa;Platyhelminthes;Turbellaria;Macrostomorpha;Microstomum;NA;NA;NA,Microstomum:52056
Otu48,0,0,0,0,0,0,0,0,0,0,0,0,0,0,0,0,79,0,0,0,3,Main genome;Eukaryota;Opisthokonta;Metazoa;Porifera;Calcarea;NA;NA;NA;NA;NA,Calcarea:27929
Otu251,0,0,0,0,0,0,0,0,0,0,0,0,0,0,0,0,6,0,5,0,0,Main genome;Eukaryota;Opisthokonta;Metazoa;Annelida;Ficopomatus;enigmaticus;NA;NA;NA;Ficopomatus_enigmaticus,Ficopomatus_enigmaticus:283780
Otu250,0,0,0,0,0,0,0,0,0,0,0,0,0,0,0,0,6,0,0,0,0,Main genome;Eukaryota;Opisthokonta;Metazoa;NA;NA;NA;NA;NA;NA;NA,Metazoa:33208
Otu252,0,0,0,3,1,0,0,2,3,0,0,0,0,0,0,3,25,0,0,0,18,Main genome;Eukaryota;Opisthokonta;Metazoa;Urochordata;Ascidiacea;NA;NA;NA;NA;NA,Ascidiacea:7713
Otu255,0,0,0,0,0,0,0,0,0,0,0,0,0,0,0,0,6,0,0,0,0,Main genome;Eukaryota;Stramenopiles;Pseudofungi;Oomycota;NA;NA;NA;NA;NA;NA,Oomycota:4762
Otu254,0,0,0,0,0,0,0,0,0,0,0,0,0,0,0,0,6,0,0,0,0,Main genome;Eukaryota;Archaeplastida;Chlorophyta;Chloropicophyceae;Chloropicales;Chloropicaceae;Chloroparvula;NA;NA;NA,Chloroparvula:2302916
Otu257,0,0,0,0,0,0,0,0,0,0,0,0,0,0,0,0,5,0,10,0,10,Main genome;Eukaryota;Opisthokonta;Metazoa;Mollusca;Bivalvia;Ostreoida;Ostrea;NA;NA;NA,Ostrea:37858
Otu256,0,0,0,0,0,0,0,0,0,0,0,0,0,0,0,0,9,0,0,0,1,Main genome;Eukaryota;Opisthokonta;Metazoa;Gastrotricha;Aspidiophorus;tentaculatus;NA;NA;NA;Aspidiophorus_tentaculatus,Aspidiophorus_tentaculatus:1274455
Otu259,4,0,0,5,0,0,0,0,0,0,0,0,0,0,0,0,0,0,0,0,0,Main genome;Eukaryota;Opisthokonta;Fungi;Ascomycota;Pezizomycotina;Dothideomycetes;Davidiella;tassiana;NA;Davidiella_tassiana,Davidiella_tassiana:29918
Otu258,0,0,0,0,0,0,0,0,0,0,0,0,0,0,0,0,0,0,6,0,0,Main genome;Eukaryota;Opisthokonta;Metazoa;Urochordata;Ascidiacea;Ciona;NA;NA;NA;NA,Ciona:7718
Otu29,0,0,0,0,0,0,0,28,237,0,1,0,0,0,1,0,0,2,0,0,2,Main genome;Eukaryota;Stramenopiles;Ochrophyta;Bacillariophyta;Raphid-pennate;NA;NA;NA;NA;NA,Bacillariophyta:2836
Otu28,0,0,0,0,0,0,0,0,0,0,0,0,0,0,0,0,55,0,212,0,214,Main genome;Eukaryota;Opisthokonta;Metazoa;Mollusca;Bivalvia;Ostreoida;Ostrea;NA;NA;NA,Ostrea:37858
Otu25,4,0,0,0,0,0,0,7,4,0,0,0,0,0,2,0,343,0,1,0,0,Main genome;Eukaryota;Stramenopiles;Sagenista;Labyrinthulomycetes;Labyrinthulida;Labyrinthulaceae;Aplanochytrium;NA;NA;NA,Aplanochytrium:87110
Otu24,0,0,0,0,0,0,0,218,117,0,0,0,0,0,0,0,0,0,0,0,0,Main genome;Eukaryota;Alveolata;Ciliophora;Oligohymenophorea;Peritrichia;Sessilida;NA;NA;NA;NA,Sessilida:1974272
Otu27,0,0,0,0,0,0,0,0,0,0,0,0,0,0,0,0,212,0,1,0,1,Main genome;Eukaryota;Alveolata;Apicomplexa;Gregarinomorphea;Eugregarinorida;Lecudinidae;NA;NA;NA;NA,Lecudinidae:158377
Otu26,0,216,0,0,0,0,0,0,3,0,14,0,0,0,0,0,5,0,0,0,0,Main genome;Eukaryota;Opisthokonta;Metazoa;Arthropoda;Crustacea;Malacostraca;Scylla;NA;NA;NA,Scylla:6760
Otu20,0,0,0,0,0,0,0,299,314,0,1,0,0,0,0,0,0,0,0,0,0,Main genome;Eukaryota;Opisthokonta;Metazoa;Mollusca;Gastropoda;Heterobranchia;NA;NA;NA;NA,Heterobranchia:216305
Otu23,0,0,0,0,0,0,0,67,252,0,0,0,0,0,0,0,0,0,0,0,0,Main genome;Eukaryota;Alveolata;Ciliophora;Litostomatea;Haptoria;Lacrymariidae;NA;NA;NA;NA,Lacrymariidae:375590
Otu22,0,0,0,0,0,0,0,50,249,0,0,0,0,0,0,0,0,0,0,0,0,Main genome;Eukaryota;Opisthokonta;Metazoa;Platyhelminthes;Turbellaria;Seriata;Monocelis;NA;NA;NA,Monocelis:44226
Otu174,0,0,0,0,3,0,0,0,0,0,10,0,0,6,0,0,0,0,0,0,0,Main genome;Eukaryota;Opisthokonta;Fungi;Cryptomycota;Cryptomycotina;NA;NA;NA;NA;NA,Cryptomycota:1031332
Otu175,0,0,0,0,0,0,0,0,0,0,0,0,0,0,0,0,10,0,0,0,0,Main genome;Eukaryota;Alveolata;Apicomplexa;Gregarinomorphea;Eugregarinorida;EUG3;NA;NA;NA;NA,Eugregarinorida:35087
Otu176,6,0,7,0,0,1,0,0,0,0,0,0,0,0,0,0,13,0,2,0,6,Main genome;Eukaryota;Opisthokonta;Metazoa;Platyhelminthes;Turbellaria;Polycladida;Stylochus;NA;NA;NA,Stylochus:31257
Otu177,0,0,0,0,0,9,0,2,0,0,0,0,0,0,0,0,18,0,1,0,3,Main genome;Eukaryota;Opisthokonta;Metazoa;Annelida;NA;NA;NA;NA;NA;NA,Annelida:6340
Otu170,0,0,0,0,0,0,0,0,10,0,0,0,0,0,0,0,0,0,0,0,0,Main genome;Eukaryota;Rhizaria;Cercozoa;Filosa-Thecofilosea;Ventricleftida;NA;NA;NA;NA;NA,Ventricleftida:1938500
Otu171,0,0,0,0,0,0,0,0,10,0,0,0,0,0,0,0,0,0,0,0,0,Main genome;Eukaryota;Stramenopiles;Ochrophyta;Bacillariophyta;Raphid-pennate;NA;NA;NA;NA;NA,Bacillariophyta:2836
Otu172,0,0,0,0,0,0,0,1,14,0,0,0,0,0,0,0,0,0,0,0,0,Main genome;Eukaryota;Stramenopiles;Ochrophyta;Bacillariophyta;Raphid-pennate;NA;NA;NA;NA;NA,Bacillariophyta:2836
Otu173,0,0,0,0,0,0,0,0,10,0,0,0,0,0,0,0,0,0,0,0,0,Main genome;Eukaryota;Rhizaria;Cercozoa;Filosa-Granofilosea;Novel-Gran-234;NA;NA;NA;NA;NA,Filosa-Granofilosea:1938466
Otu178,0,0,0,0,0,0,0,0,0,0,0,0,0,0,1,0,15,0,1,0,0,Main genome;Eukaryota;Rhizaria;Cercozoa;Filosa-Thecofilosea;Ventricleftida;Ventrifissuridae;NA;NA;NA;NA,Ventrifissuridae:1938506
Otu179,0,0,0,0,0,0,0,0,0,0,0,0,0,0,0,0,13,0,0,0,0,Main genome;Eukaryota;Stramenopiles;Ochrophyta;Bacillariophyta;Polar-centric-Mediophyceae;NA;NA;NA;NA;NA,Polar-centric-Mediophyceae:589449
Otu518,0,0,0,0,0,0,0,0,0,0,0,0,0,0,0,0,0,0,1,0,1,Main genome;Eukaryota;Opisthokonta;Metazoa;Mollusca;Bivalvia;Mytiloida;NA;NA;NA;NA,Mytiloida:6546
Otu435,0,0,0,0,0,0,0,2,0,0,0,0,0,0,0,0,0,0,0,0,0,Main genome;Eukaryota;Opisthokonta;Metazoa;Arthropoda;Crustacea;Maxillopoda;NA;NA;NA;NA,Crustacea:6657
Otu434,0,0,0,0,0,0,0,2,0,0,0,0,0,0,0,0,0,0,0,0,0,Main genome;Eukaryota;Opisthokonta;Metazoa;Rotifera;Notholca;NA;NA;NA;NA;NA,Notholca:231617
Otu437,0,0,0,0,0,0,0,2,0,0,0,0,0,0,0,0,0,0,0,0,0,Main genome;Eukaryota;Stramenopiles;Pseudofungi;Oomycota;NA;NA;NA;NA;NA;NA,Oomycota:4762
Otu436,0,0,0,0,0,0,0,2,0,0,0,0,0,0,0,0,0,0,0,0,0,Main genome;Eukaryota;Hacrobia;Centroheliozoa;NA;NA;NA;NA;NA;NA;NA,Centroheliozoa:193537
Otu431,0,0,0,0,0,0,0,2,0,0,0,0,0,0,0,0,0,0,0,0,0,Main genome;Eukaryota;NA;NA;NA;NA;NA;NA;NA;NA;NA,Eukaryota:2759
Otu430,0,0,0,0,0,0,0,2,0,0,0,0,0,0,0,0,0,0,0,0,0,Main genome;Eukaryota;Stramenopiles;Sagenista;Labyrinthulomycetes;Oblongichytrida;Oblongichytridiaceae;Oblongichytrium;NA;NA;NA,Oblongichytrium:420539
Otu433,0,0,0,0,0,0,0,2,0,0,0,0,0,0,0,0,0,0,0,0,0,Main genome;Eukaryota;Opisthokonta;Metazoa;Nematoda;Chromadorea;Pellioditis;NA;NA;NA;NA,Pellioditis:35555
Otu432,0,0,0,0,0,0,0,2,0,0,0,0,0,0,0,0,0,0,0,0,0,Main genome;Eukaryota;Alveolata;Ciliophora;Litostomatea;Haptoria;Didiniidae;NA;NA;NA;NA,Didiniidae:197898
Otu512,0,0,0,0,0,0,0,0,0,0,0,0,0,0,1,0,1,0,0,0,0,Main genome;Eukaryota;Rhizaria;Cercozoa;Filosa-Imbricatea;Marimonadida;NA;NA;NA;NA;NA,Marimonadida:1736122
Otu513,0,0,0,0,0,0,0,0,0,0,0,0,0,0,0,0,2,0,2,0,0,Main genome;Eukaryota;Stramenopiles;Ochrophyta;Bacillariophyta;Raphid-pennate;Sellaphora;NA;NA;NA;NA,Sellaphora:216740
Otu459,0,0,0,0,0,0,0,0,2,0,0,0,0,0,0,0,0,0,0,0,0,Main genome;Eukaryota;Stramenopiles;Ochrophyta;Bacillariophyta;Polar-centric-Mediophyceae;Chaetoceros;NA;NA;NA;NA,Chaetoceros:49237
Otu458,0,0,0,0,0,0,0,0,2,0,0,0,0,0,0,0,0,0,0,0,0,Main genome;Eukaryota;Alveolata;Ciliophora;Colpodea;Colpodida;NA;NA;NA;NA;NA,Colpodida:88566
Otu516,0,0,0,0,0,0,0,0,0,0,0,0,0,0,0,0,1,0,0,0,1,Main genome;Eukaryota;Opisthokonta;Metazoa;Entoprocta;Barentsia;benedeni;NA;NA;NA;Barentsia_benedeni,Barentsia_benedeni:43126
Otu514,0,0,0,0,0,0,0,0,0,0,0,0,0,0,0,0,1,0,0,0,1,Main genome;Eukaryota;Opisthokonta;Metazoa;Annelida;NA;NA;NA;NA;NA;NA,Annelida:6340
Otu515,0,0,0,0,0,0,0,0,0,0,0,0,0,0,0,0,2,0,2,0,1,Main genome;Eukaryota;Opisthokonta;Metazoa;Mollusca;Bivalvia;Ostreoida;Crassostrea;NA;NA;NA,Crassostrea:6564
Otu453,0,0,0,0,0,0,0,0,2,0,0,0,0,0,0,0,0,0,0,0,0,Main genome;Eukaryota;Stramenopiles;Ochrophyta;Bacillariophyta;Raphid-pennate;Nitzschia;NA;NA;NA;NA,Nitzschia:2857
Otu451,0,0,0,0,0,0,0,1,2,0,0,0,0,0,0,0,0,0,0,0,0,Main genome;Eukaryota;Alveolata;Ciliophora;Oligohymenophorea;NA;NA;NA;NA;NA;NA,Oligohymenophorea:6020
Otu450,0,0,0,0,0,0,0,0,2,0,0,0,0,0,0,0,0,0,0,0,0,Main genome;Eukaryota;Rhizaria;Cercozoa;Filosa-Thecofilosea;Ebriida;TAGIRI1-lineage;NA;NA;NA;NA,Ebriida:361424
Otu456,0,0,0,0,0,0,0,1,2,0,0,0,0,0,0,0,0,0,0,0,0,Main genome;Eukaryota;Opisthokonta;Fungi;NA;NA;NA;NA;NA;NA;NA,Fungi:4751
Otu455,0,0,0,0,0,0,0,0,2,0,0,0,0,0,0,0,0,0,0,0,0,Main genome;Eukaryota;Rhizaria;Cercozoa;Endomyxa;Vampyrellida;op14-lineage;NA;NA;NA;NA,Vampyrellida:1367446
Otu454,0,0,0,0,0,0,0,0,2,0,0,0,0,0,0,0,0,0,0,0,0,Main genome;Eukaryota;Opisthokonta;Fungi;Chytridiomycota;Chytridiomycotina;Chytridiomycetes;NA;NA;NA;NA,Chytridiomycetes:451435
Otu229,6,0,0,0,0,0,0,0,0,0,0,0,0,0,0,0,0,0,0,0,0,Main genome;Eukaryota;Opisthokonta;Fungi;NA;NA;NA;NA;NA;NA;NA,Fungi:4751
Otu220,0,0,0,0,0,0,0,4,11,0,0,0,0,0,0,0,0,0,0,0,0,Main genome;Eukaryota;Stramenopiles;Ochrophyta;Bacillariophyta;Raphid-pennate;Cocconeis;NA;NA;NA;NA,Cocconeis:216715
Otu221,0,0,0,0,0,0,0,0,7,0,0,0,0,0,0,0,0,0,0,0,0,Main genome;Eukaryota;Hacrobia;Telonemia;Telonemia-Group-1;NA;NA;NA;NA;NA;NA,Telonemia:660925
Otu222,0,0,0,0,0,0,0,0,0,0,0,0,0,0,0,0,7,0,1,0,1,Main genome;Eukaryota;Opisthokonta;Metazoa;Annelida;Platynereis;dumerilii;NA;NA;NA;Platynereis_dumerilii,Platynereis_dumerilii:6359
Otu223,0,0,0,0,0,0,0,0,0,0,0,0,0,0,5,0,7,0,0,0,0,Main genome;Eukaryota;Stramenopiles;Ochrophyta;Bacillariophyta;Polar-centric-Mediophyceae;NA;NA;NA;NA;NA,Polar-centric-Mediophyceae:589449
Otu224,0,0,0,0,0,0,0,0,0,0,0,0,0,0,0,0,7,0,0,0,0,Main genome;Eukaryota;Rhizaria;Cercozoa;Endomyxa;Vampyrellida;Penardia-lineage;NA;NA;NA;NA,Vampyrellida:1367446
Otu226,0,0,0,0,0,0,0,0,0,0,0,0,0,0,0,0,7,0,0,0,0,Main genome;Eukaryota;Alveolata;Apicomplexa;Gregarinomorphea;Eugregarinorida;Porosporidae;NA;NA;NA;NA,Porosporidae:947094
Otu227,0,0,0,0,0,0,0,0,0,0,0,0,0,2,0,0,7,0,0,0,0,Main genome;Eukaryota;Alveolata;Dinoflagellata;Syndiniales;Dino-Group-I;Dino-Group-I-Clade-1;NA;NA;NA;NA,Syndiniales:88547
Otu511,0,0,0,0,0,0,0,1,0,0,0,0,0,0,1,0,0,0,0,0,0,Main genome;Eukaryota;Opisthokonta;Fungi;Basidiomycota;Pucciniomycotina;NA;NA;NA;NA;NA,Pucciniomycotina:29000
Otu358,0,0,0,0,0,3,0,0,0,0,0,0,0,0,0,0,0,0,0,0,0,Main genome;Eukaryota;Opisthokonta;Metazoa;Mollusca;Bivalvia;Heteroconchia;Ensis;NA;NA;NA,Ensis:6586
Otu359,0,0,0,0,0,0,3,0,0,0,0,0,0,0,0,0,0,0,0,0,0,Main genome;Eukaryota;Archaeplastida;Rhodophyta;Florideophyceae;Ceramiales;Ceramiaceae;Pterothamnion;plumula;NA;Pterothamnion_plumula,Pterothamnion_plumula:173462
Otu428,0,0,0,0,0,0,2,0,0,0,0,0,0,0,0,0,0,0,0,0,0,Main genome;Eukaryota;Opisthokonta;Metazoa;Annelida;NA;NA;NA;NA;NA;NA,Annelida:6340
Otu429,0,0,0,0,0,0,0,2,0,0,0,0,0,0,0,0,0,0,0,0,0,Main genome;Eukaryota;Opisthokonta;Fungi;Cryptomycota;Cryptomycotina;NA;NA;NA;NA;NA,Cryptomycota:1031332
Otu354,0,0,0,3,0,0,0,0,0,0,0,0,0,0,0,0,0,0,0,0,0,Main genome;Eukaryota;Opisthokonta;Metazoa;Mollusca;Bivalvia;Heteroconchia;Sphenia;perversa;NA;Sphenia_perversa,Sphenia_perversa:457835
Otu355,0,0,0,3,0,0,0,0,0,0,0,0,0,0,0,0,0,0,0,0,0,Main genome;Eukaryota;Alveolata;Apicomplexa;Gregarinomorphea;Eugregarinorida;Lecudinidae;NA;NA;NA;NA,Lecudinidae:158377
Otu356,0,0,0,0,3,0,0,0,0,0,0,0,0,0,0,0,0,0,0,0,0,Main genome;Eukaryota;Alveolata;Apicomplexa;Gregarinomorphea;Eugregarinorida;Lecudinidae;NA;NA;NA;NA,Lecudinidae:158377
Otu357,0,0,0,0,3,0,0,0,0,0,0,0,0,0,0,0,0,0,0,0,0,Main genome;Eukaryota;Stramenopiles;Pseudofungi;Oomycota;Haliphthorales;NA;NA;NA;NA;NA,Oomycota:4762
Otu350,3,0,0,0,0,0,0,0,0,0,0,0,0,0,0,0,0,0,0,0,0,Main genome;Eukaryota;Hacrobia;Picozoa;NA;NA;NA;NA;NA;NA;NA,Picozoa:419944
Otu351,1,3,0,0,0,0,0,0,0,0,0,0,0,0,0,0,0,0,0,0,0,Main genome;Eukaryota;Opisthokonta;Metazoa;Arthropoda;Crustacea;Malacostraca;NA;NA;NA;NA,Malacostraca:6681
Otu353,0,0,0,3,0,0,0,0,0,0,0,0,0,0,0,0,0,0,0,0,0,Main genome;Eukaryota;Opisthokonta;Fungi;Ascomycota;Saccharomycotina;Saccharomycetales;NA;NA;NA;NA,Saccharomycetales:4892
Otu129,0,0,0,0,0,0,0,0,14,0,0,0,0,0,0,0,0,0,0,0,0,Main genome;Eukaryota;Hacrobia;NA;NA;NA;NA;NA;NA;NA;NA,Eukaryota:2759
Otu128,0,0,0,0,0,0,0,16,0,0,0,0,0,0,0,0,0,0,0,0,0,Main genome;Eukaryota;Opisthokonta;Metazoa;Platyhelminthes;Turbellaria;Macrostomorpha;Macrostomum;NA;NA;NA,Macrostomum:39217
Otu127,0,0,0,0,0,0,0,14,0,0,0,0,0,0,0,0,0,0,0,0,0,Main genome;Eukaryota;Opisthokonta;Metazoa;Platyhelminthes;Turbellaria;NA;NA;NA;NA;NA,Turbellaria:166384
Otu126,14,0,0,0,0,0,0,0,0,0,0,0,0,0,0,0,0,0,0,0,0,Main genome;Eukaryota;Opisthokonta;Mesomycetozoa;Ichthyosporea;Ichthyosphonida;Pseudoperkinsidae;NA;NA;NA;NA,Pseudoperkinsidae:2586436
Otu125,23,0,0,0,0,0,0,0,5,0,0,0,0,0,0,0,0,0,0,0,0,Main genome;Eukaryota;Archaeplastida;Chlorophyta;Trebouxiophyceae;Chlorellales;NA;NA;NA;NA;NA,Chlorellales:35460
Otu124,0,0,0,0,0,0,0,0,0,0,0,0,0,0,0,0,2,0,15,0,1,Main genome;Eukaryota;Opisthokonta;Metazoa;Platyhelminthes;Turbellaria;Prolecithophora;NA;NA;NA;NA,Prolecithophora:79788
Otu123,0,0,0,0,0,0,0,0,0,0,0,0,0,0,2,0,21,0,0,0,0,Main genome;Eukaryota;Opisthokonta;Metazoa;Arthropoda;Crustacea;Maxillopoda;NA;NA;NA;NA,Crustacea:6657
Otu122,0,0,0,0,0,0,0,0,0,0,0,0,0,0,0,0,0,0,0,0,0,Main genome;Eukaryota;Opisthokonta;Metazoa;Arthropoda;Crustacea;Maxillopoda;Paramenophia;NA;NA;NA,Paramenophia:512235
Otu121,0,0,0,0,0,0,0,0,15,0,0,0,0,0,0,0,0,0,0,0,0,Main genome;Eukaryota;Opisthokonta;Metazoa;Mollusca;Bivalvia;Heteroconchia;NA;NA;NA;NA,Heteroconchia:6599
Otu120,0,0,0,15,0,0,0,0,0,0,0,0,0,0,0,0,0,0,0,0,0,Main genome;Eukaryota;Opisthokonta;Fungi;Ascomycota;NA;NA;NA;NA;NA;NA,Ascomycota:4890
Otu61,0,0,0,0,0,0,0,0,0,0,0,0,0,0,0,0,61,0,29,0,8,Main genome;Eukaryota;Opisthokonta;Metazoa;Porifera;Demospongiae;NA;NA;NA;NA;NA,Demospongiae:6042
Otu60,41,0,0,0,0,0,0,7,0,0,0,0,0,0,3,0,38,0,0,0,0,Main genome;Eukaryota;Opisthokonta;Metazoa;Gastrotricha;Chaetonotus;NA;NA;NA;NA;NA,Chaetonotus:68038
Otu63,0,0,0,0,0,0,0,0,38,0,0,0,0,0,0,0,0,0,0,0,0,Main genome;Eukaryota;Opisthokonta;Metazoa;Platyhelminthes;Turbellaria;Seriata;Phagocata;NA;NA;NA,Phagocata:27899
Otu62,0,0,0,40,0,0,0,0,0,0,0,0,0,0,0,0,0,0,0,0,0,Main genome;Eukaryota;Opisthokonta;Metazoa;Arthropoda;Crustacea;NA;NA;NA;NA;NA,Crustacea:6657
Otu65,4,0,0,1,37,16,8,0,7,0,1,5,0,3,0,0,0,0,0,0,0,Main genome;Eukaryota;Opisthokonta;Metazoa;Arthropoda;Crustacea;Maxillopoda;NA;NA;NA;NA,Crustacea:6657
Otu64,0,0,0,0,0,0,0,1,38,0,0,0,0,0,0,0,0,0,0,0,0,Main genome;Eukaryota;Stramenopiles;Ochrophyta;Bacillariophyta;NA;NA;NA;NA;NA;NA,Bacillariophyta:2836
Otu67,0,19,0,23,0,7,10,0,0,0,0,0,0,0,0,0,0,0,0,0,0,Main genome;Eukaryota;Alveolata;Apicomplexa;Gregarinomorphea;Selenidium1;sensimae;NA;NA;NA;Selenidium1_sensimae,Apicomplexa:5794
Otu66,0,0,0,0,0,0,0,37,0,0,0,0,0,0,0,0,0,0,0,0,0,Main genome;Eukaryota;Opisthokonta;Metazoa;Platyhelminthes;Turbellaria;Acoelomorpha;Praeconvoluta;tigrina;NA;Praeconvoluta_tigrina,Praeconvoluta_tigrina:188030
Otu69,1,0,0,0,34,0,0,0,0,0,0,0,0,0,0,0,0,0,0,0,0,Main genome;Eukaryota;Alveolata;Apicomplexa;Gregarinomorphea;Eugregarinorida;Lecudinidae;Lecudina;NA;NA;NA,Lecudina:198478
Otu68,0,34,0,0,0,0,0,0,0,0,0,0,0,0,0,0,0,0,0,0,0,Main genome;Eukaryota;Opisthokonta;Metazoa;NA;NA;NA;NA;NA;NA;NA,Metazoa:33208
Otu199,0,0,0,0,0,0,0,8,0,0,0,0,0,0,0,0,0,0,0,0,0,Main genome;Eukaryota;Archaeplastida;Chlorophyta;Ulvophyceae;Cladophorales;Chaetomorpha;ligustica;NA;NA;Chaetomorpha_ligustica,Chaetomorpha_ligustica:1304946
Otu462,0,0,0,0,0,0,0,0,2,0,0,0,0,0,0,0,0,0,0,0,0,Main genome;Eukaryota;Archaeplastida;Streptophyta;Embryophyceae;Beta;NA;NA;NA;NA;NA,Beta:3554
Otu463,0,0,0,0,0,0,0,0,0,0,4,0,0,0,0,0,0,0,0,0,0,Main genome;Eukaryota;Opisthokonta;Metazoa;Arthropoda;Crustacea;Maxillopoda;Diarthrodes;NA;NA;NA,Diarthrodes:512218
Otu460,0,0,0,0,0,0,0,0,2,0,0,0,0,0,0,0,0,0,0,0,0,Main genome;Eukaryota;Stramenopiles;Sagenista;Labyrinthulomycetes;Amphifilida;Amphifilaceae;Fibrophrys;NA;NA;NA,Amphifilaceae:1678346
Otu461,0,0,0,0,0,0,0,0,2,0,0,0,0,0,0,0,0,0,0,0,0,Main genome;Eukaryota;Rhizaria;Cercozoa;Filosa-Thecofilosea;Ebriida;Botuliformidae;Botuliforma;NA;NA;NA,Botuliforma:2566138
Otu466,0,0,0,0,0,0,0,0,0,0,0,2,0,0,0,0,0,0,0,0,0,Main genome;Eukaryota;Opisthokonta;Metazoa;Porifera;Demospongiae;NA;NA;NA;NA;NA,Demospongiae:6042
Otu467,0,0,0,0,0,0,0,0,0,0,0,0,0,2,0,0,2,0,0,0,0,Main genome;Eukaryota;Opisthokonta;Metazoa;Arthropoda;Crustacea;Maxillopoda;NA;NA;NA;NA,Crustacea:6657
Otu464,0,0,0,0,0,0,0,0,0,0,2,0,0,0,0,0,2,0,0,0,0,Main genome;Eukaryota;Opisthokonta;Metazoa;Annelida;NA;NA;NA;NA;NA;NA,Annelida:6340
Otu465,0,0,0,0,0,0,0,0,0,0,0,2,0,0,0,0,0,0,0,0,0,Main genome;Eukaryota;Opisthokonta;Metazoa;Arthropoda;Crustacea;Ostracoda;NA;NA;NA;NA,Ostracoda:6670
Otu468,0,0,0,0,0,0,0,0,0,0,0,0,0,0,2,0,2,0,3,0,2,Main genome;Eukaryota;Rhizaria;Radiolaria;NA;NA;NA;NA;NA;NA;NA,Radiolaria:65574
Otu469,0,0,0,0,0,0,0,0,0,0,0,0,0,0,0,0,2,0,0,0,0,Main genome;Eukaryota;Opisthokonta;Metazoa;Urochordata;NA;NA;NA;NA;NA;NA,Urochordata:7712
Otu307,0,0,0,0,0,0,4,0,0,0,0,0,0,0,0,0,0,0,0,0,0,Main genome;Eukaryota;Archaeplastida;NA;NA;NA;NA;NA;NA;NA;NA,Eukaryota:2759
Otu306,0,0,0,0,0,0,4,0,2,0,0,0,0,0,0,0,2,0,0,0,0,Main genome;Eukaryota;Opisthokonta;Fungi;Basidiomycota;Agaricomycotina;Agaricomycetes;Panellus;stypticus;NA;Panellus_stypticus,Panellus_stypticus:5636
Otu305,0,0,0,0,0,4,1,0,0,0,0,0,0,0,0,0,3,0,0,0,0,Main genome;Eukaryota;Opisthokonta;Metazoa;Annelida;NA;NA;NA;NA;NA;NA,Annelida:6340
Otu304,0,0,0,0,0,4,0,0,0,0,0,0,0,0,0,0,0,0,0,0,0,Main genome;Eukaryota;Archaeplastida;Chlorophyta;Mamiellophyceae;Mamiellales;Mamiellaceae;Mamiella;NA;NA;NA,Mamiella:41876
Otu303,0,0,0,0,0,4,0,1,0,0,0,0,0,0,0,0,0,0,0,0,0,Main genome;Eukaryota;Alveolata;Apicomplexa;Gregarinomorphea;Eugregarinorida;Porosporidae;NA;NA;NA;NA,Porosporidae:947094
Otu269,0,0,0,0,0,0,0,5,0,0,0,0,0,0,0,0,0,0,0,0,0,Main genome;Eukaryota;Opisthokonta;Metazoa;Nematoda;Enoplea;Anoplostoma;NA;NA;NA;NA,Anoplostoma:151347
Otu301,0,0,0,0,4,0,0,0,2,0,0,0,0,0,0,0,2,0,0,0,0,Main genome;Eukaryota;Stramenopiles;Pseudofungi;Pirsonia;Clade;NA;NA;NA;NA;NA,Pirsonia:230408
Otu300,0,0,0,4,0,0,0,0,0,0,0,0,0,0,0,0,3,0,0,0,0,Main genome;Eukaryota;Opisthokonta;Metazoa;Annelida;Typosyllis;NA;NA;NA;NA;NA,Typosyllis:199571
Otu264,0,0,0,0,0,5,0,0,0,0,0,0,0,0,0,0,0,0,0,0,0,Main genome;Eukaryota;Opisthokonta;Fungi;Ascomycota;Saccharomycotina;Saccharomycetales;Candida;NA;NA;NA,Candida:5475
Otu265,0,0,0,0,0,5,3,0,0,0,0,0,0,0,0,0,0,0,0,0,0,Main genome;Eukaryota;Stramenopiles;Ochrophyta;Chrysophyceae;Clade-C;NA;NA;NA;NA;NA,Clade-C:2918835
Otu266,0,0,0,0,0,5,0,0,0,0,0,0,0,0,0,0,0,0,0,0,0,Main genome;Eukaryota;Opisthokonta;Metazoa;Arthropoda;Crustacea;Maxillopoda;NA;NA;NA;NA,Crustacea:6657
Otu267,0,0,0,0,0,5,0,0,0,0,0,0,0,0,0,0,0,0,0,0,0,Main genome;Eukaryota;Archaeplastida;Streptophyta;Embryophyceae;NA;NA;NA;NA;NA;NA,Streptophyta:35493
Otu260,0,0,0,5,0,0,0,0,0,0,0,0,0,0,0,0,0,0,0,0,0,Main genome;Eukaryota;Opisthokonta;Metazoa;Arthropoda;Crustacea;Maxillopoda;NA;NA;NA;NA,Crustacea:6657
Otu261,0,0,0,5,0,0,0,0,0,0,0,0,0,0,0,0,0,0,0,0,0,Main genome;Eukaryota;Opisthokonta;Metazoa;Annelida;Janua;NA;NA;NA;NA;NA,Janua:356935
Otu262,0,0,0,0,0,5,0,0,0,0,0,0,0,0,0,0,0,0,0,0,0,Main genome;Eukaryota;Rhizaria;Cercozoa;Filosa-Sarcomonadea;Glissomonadida;Clade-Y;NA;NA;NA;NA,Glissomonadida:1238681
Otu308,0,0,0,0,0,0,0,4,0,0,0,0,0,0,0,0,0,0,0,0,0,Main genome;Eukaryota;Archaeplastida;Chlorophyta;Ulvophyceae;Cladophorales;Cladophora;NA;NA;NA;NA,Cladophora:34125
Otu116,0,0,0,0,0,0,0,0,0,0,0,0,0,0,0,0,28,0,7,0,3,Main genome;Eukaryota;Opisthokonta;Metazoa;Annelida;Hydroides;trivesiculosus;NA;NA;NA;Hydroides_trivesiculosus,Hydroides_trivesiculosus:3034647
Otu117,15,0,0,0,0,0,0,0,0,0,0,0,0,0,0,0,0,0,0,0,0,Main genome;Eukaryota;Opisthokonta;Metazoa;Echinodermata;NA;NA;NA;NA;NA;NA,Echinodermata:7586
Otu114,0,0,0,1,5,0,0,0,0,0,0,0,0,0,0,0,17,0,1,0,1,Main genome;Eukaryota;Opisthokonta;Metazoa;Entoprocta;NA;NA;NA;NA;NA;NA,Entoprocta:43120
Otu115,0,0,0,0,0,0,0,0,0,0,0,0,0,0,0,0,16,0,0,0,0,Main genome;Eukaryota;Alveolata;Apicomplexa;Gregarinomorphea;Eugregarinorida;Porosporidae;NA;NA;NA;NA,Porosporidae:947094
Otu112,0,0,0,0,0,0,0,21,18,0,0,0,0,0,0,0,5,0,1,0,2,Main genome;Eukaryota;Alveolata;Ciliophora;Oligohymenophorea;Peritrichia;Vaginicolidae;Vaginicola;NA;NA;NA,Vaginicola:168253
Otu110,16,0,0,0,0,0,0,0,0,0,0,0,0,0,0,0,0,0,0,0,0,Main genome;Eukaryota;Opisthokonta;Metazoa;Nematoda;Chromadorea;NA;NA;NA;NA;NA,Chromadorea:119089
Otu111,16,0,2,14,7,0,5,0,12,0,0,0,0,0,0,0,0,0,0,0,0,Main genome;Eukaryota;Archaeplastida;Streptophyta;Embryophyceae;NA;NA;NA;NA;NA;NA,Streptophyta:35493
Otu118,15,0,0,0,0,0,0,0,0,0,0,0,0,0,0,0,0,0,0,0,0,Main genome;Eukaryota;Alveolata;Dinoflagellata;Syndiniales;Dino-Group-I;Dino-Group-I-Clade-4;NA;NA;NA;NA,Syndiniales:88547
Otu119,15,0,0,0,0,0,0,0,0,0,0,0,0,0,0,0,0,0,0,0,0,Main genome;Eukaryota;Archaeplastida;Prasinodermophyta;Prasinodermophyceae;Prasinodermales;Prasinodermaceae;Prasinoderma;NA;NA;NA,Prasinoderma:156132
Otu286,0,0,0,0,0,0,0,0,0,0,0,0,0,0,0,0,5,0,0,0,0,Main genome;Eukaryota;Archaeplastida;Chlorophyta;Chloropicophyceae;Chloropicales;Chloropicaceae;Chloropicon;NA;NA;NA,Chloropicon:2302914
Otu287,0,0,0,0,0,0,0,0,0,0,0,0,0,0,0,0,7,0,1,0,0,Main genome;Eukaryota;Opisthokonta;Metazoa;Tardigrada;NA;NA;NA;NA;NA;NA,Tardigrada:42241
Otu285,0,0,0,0,0,0,0,0,0,0,0,0,0,0,5,0,2,0,1,0,0,Main genome;Eukaryota;Stramenopiles;Ochrophyta;Bacillariophyta;Polar-centric-Mediophyceae;NA;NA;NA;NA;NA,Polar-centric-Mediophyceae:589449
Otu282,0,0,0,0,0,0,0,8,9,0,0,0,0,0,0,0,0,0,0,0,0,Main genome;Eukaryota;Stramenopiles;Ochrophyta;Bacillariophyta;Raphid-pennate;Lemnicola;NA;NA;NA;NA,Lemnicola:1003070
Otu281,0,0,0,0,0,0,0,0,5,0,0,0,0,0,0,0,0,0,0,0,0,Main genome;Eukaryota;Stramenopiles;Ochrophyta;Chrysophyceae;Clade-C;NA;NA;NA;NA;NA,Clade-C:2918835
Otu288,0,0,0,0,0,0,0,0,0,0,0,0,0,0,0,0,7,0,0,0,0,Main genome;Eukaryota;Alveolata;Ciliophora;Phyllopharyngea;Suctoria;NA;NA;NA;NA;NA,Suctoria:39462
Otu289,0,0,0,0,0,0,0,0,0,0,5,0,0,0,0,0,5,0,0,0,0,Main genome;Eukaryota;Opisthokonta;Metazoa;Arthropoda;Crustacea;Maxillopoda;NA;NA;NA;NA,Crustacea:6657
Otu38,106,21,0,0,0,0,0,15,60,0,0,0,0,1,10,0,28,1,0,0,2,Main genome;Eukaryota;Alveolata;Dinoflagellata;Dinophyceae;Gymnodiniales;Gymnodiniaceae;Gyrodinium;fusiforme;NA;Gyrodinium_fusiforme,Gyrodinium_fusiforme:244961
Otu39,0,0,0,0,0,0,0,89,40,0,0,0,0,0,0,0,0,0,0,0,0,Main genome;Eukaryota;Opisthokonta;Metazoa;Bryozoa;NA;NA;NA;NA;NA;NA,Bryozoa:10205
Otu36,0,0,0,0,0,0,0,102,27,0,0,0,0,0,1,0,8,0,2,0,3,Main genome;Eukaryota;Alveolata;Ciliophora;Spirotrichea;Hypotrichia;NA;NA;NA;NA;NA,Hypotrichia:5934
Otu37,0,0,0,0,0,0,0,97,0,0,0,0,0,0,0,0,0,0,0,0,0,Main genome;Eukaryota;Opisthokonta;Metazoa;Annelida;Aeolosoma;NA;NA;NA;NA;NA,Aeolosoma:55816
Otu34,0,0,0,0,0,0,0,0,0,0,0,0,0,0,115,0,112,0,1,0,0,Main genome;Eukaryota;Opisthokonta;Metazoa;Platyhelminthes;Turbellaria;Prolecithophora;Cylindrostoma;NA;NA;NA,Cylindrostoma:79791
Otu35,0,0,0,0,0,0,0,4,109,0,0,0,0,0,0,0,5,0,1,0,0,Main genome;Eukaryota;Opisthokonta;Metazoa;Nematoda;Chromadorea;Chromadorina;NA;NA;NA;NA,Chromadorina:320052
Otu33,0,16,0,0,42,2,0,3,0,0,0,0,0,0,0,0,134,0,2,0,0,Main genome;Eukaryota;Opisthokonta;Fungi;NA;NA;NA;NA;NA;NA;NA,Fungi:4751
Otu30,0,0,0,0,0,0,0,1,151,0,0,0,0,0,0,0,0,0,0,0,0,Main genome;Eukaryota;Opisthokonta;Metazoa;Arthropoda;Crustacea;Malacostraca;NA;NA;NA;NA,Malacostraca:6681
Otu31,0,0,3,39,0,0,0,5,45,0,0,0,0,0,9,0,211,1,17,0,23,Main genome;Eukaryota;Opisthokonta;Metazoa;Cnidaria;Hydrozoa;NA;NA;NA;NA;NA,Hydrozoa:6074
Otu163,0,10,0,0,0,0,0,0,0,0,0,0,0,0,0,0,0,0,0,0,0,Main genome;Eukaryota;Stramenopiles;Sagenista;Labyrinthulomycetes;NA;NA;NA;NA;NA;NA,Labyrinthulomycetes:35131
Otu162,0,0,0,1,0,0,0,0,0,0,3,0,0,0,1,1,9,0,12,0,15,Main genome;Eukaryota;Opisthokonta;Metazoa;Annelida;NA;NA;NA;NA;NA;NA,Annelida:6340
Otu161,0,0,0,0,0,0,0,0,0,0,0,0,0,0,0,0,0,0,18,0,15,Main genome;Eukaryota;Opisthokonta;Metazoa;NA;NA;NA;NA;NA;NA;NA,Metazoa:33208
Otu160,0,0,0,0,0,0,0,0,0,0,0,0,0,0,0,0,15,0,1,0,0,Main genome;Eukaryota;Archaeplastida;Chlorophyta;Pyramimonadophyceae;Pseudoscourfieldiales;Pycnococcaceae;NA;NA;NA;NA,Pycnococcaceae:41878
Otu167,0,0,0,0,0,0,0,10,0,0,0,0,0,0,0,0,0,0,0,0,0,Main genome;Eukaryota;Alveolata;Ciliophora;Oligohymenophorea;Peritrichia;Sessilida;NA;NA;NA;NA,Sessilida:1974272
Otu165,0,0,0,12,0,0,0,0,0,0,0,0,1,0,0,0,0,0,0,0,0,Main genome;Eukaryota;Opisthokonta;Metazoa;Annelida;Branchiomma;NA;NA;NA;NA;NA,Branchiomma:431177
Otu164,0,0,0,15,0,0,0,0,0,0,0,0,1,0,0,0,0,0,0,0,0,Main genome;Eukaryota;Alveolata;Apicomplexa;Gregarinomorphea;Eugregarinorida;Lecudinidae;NA;NA;NA;NA,Lecudinidae:158377
Otu169,0,0,0,0,0,0,0,10,5,0,0,0,0,0,0,0,0,0,0,0,0,Main genome;Eukaryota;Alveolata;Ciliophora;Spirotrichea;Hypotrichia;Urostylidae;Uroleptus;NA;NA;NA,Uroleptus:57512
Otu263,0,0,0,0,0,5,0,0,0,0,0,0,0,0,0,0,0,0,0,0,1,Main genome;Eukaryota;Opisthokonta;Metazoa;Arthropoda;Crustacea;Maxillopoda;NA;NA;NA;NA,Crustacea:6657
Otu83,18,36,0,10,0,7,2,0,2,0,0,8,0,0,0,0,12,0,1,0,0,Main genome;Eukaryota;Opisthokonta;Metazoa;Arthropoda;Crustacea;Maxillopoda;NA;NA;NA;NA,Crustacea:6657
Otu82,47,0,0,0,0,0,0,0,0,0,0,0,0,0,0,0,0,0,0,0,0,Main genome;Eukaryota;Stramenopiles;Ochrophyta;Bacillariophyta;Polar-centric-Mediophyceae;NA;NA;NA;NA;NA,Polar-centric-Mediophyceae:589449
Otu80,0,0,0,0,0,0,0,0,32,0,0,0,0,0,0,0,0,0,0,0,0,Main genome;Eukaryota;Opisthokonta;Fungi;Cryptomycota;Cryptomycotina;NA;NA;NA;NA;NA,Cryptomycota:1031332
Otu87,18,2,3,0,23,20,8,0,7,0,0,0,0,0,0,0,0,0,0,0,0,Main genome;Eukaryota;Opisthokonta;Fungi;Basidiomycota;Ustilaginomycotina;Exobasidiomycetes;NA;NA;NA;NA,Exobasidiomycetes:452283
Otu86,23,0,0,0,0,0,0,0,0,0,0,0,0,0,0,0,0,1,0,0,0,Main genome;Eukaryota;Alveolata;Apicomplexa;Gregarinomorphea;Eugregarinorida;Porosporidae;NA;NA;NA;NA,Porosporidae:947094
Otu85,0,0,0,24,0,3,1,0,0,0,0,0,0,0,0,0,0,0,0,0,0,Main genome;Eukaryota;Stramenopiles;Pseudofungi;Oomycota;NA;NA;NA;NA;NA;NA,Oomycota:4762
Otu84,0,0,0,0,0,0,0,3,25,0,0,0,0,0,0,0,0,0,0,0,0,Main genome;Eukaryota;Alveolata;Apicomplexa;Coccidiomorphea;Eimeriida;NA;NA;NA;NA;NA,Apicomplexa:5794
Otu89,2,22,1,0,0,0,0,0,0,0,0,0,0,0,0,0,0,0,0,0,0,Main genome;Eukaryota;Opisthokonta;Fungi;Ascomycota;Saccharomycotina;Saccharomycetales;NA;NA;NA;NA,Saccharomycetales:4892
Otu426,0,0,0,0,0,1,2,0,0,0,0,0,0,0,0,0,0,0,0,0,0,Main genome;Eukaryota;Opisthokonta;Metazoa;Arthropoda;Crustacea;Maxillopoda;NA;NA;NA;NA,Crustacea:6657
Otu427,0,0,0,0,0,1,2,0,0,0,0,0,0,0,0,0,0,0,0,0,0,Main genome;Eukaryota;Alveolata;Apicomplexa;Gregarinomorphea;Eugregarinorida;Porosporidae;NA;NA;NA;NA,Porosporidae:947094
Otu424,0,0,0,0,0,0,2,0,0,0,0,0,0,0,0,0,0,0,0,0,0,Main genome;Eukaryota;Rhizaria;Cercozoa;Endomyxa-Phytomyxea;Phagomyxida;Phagomyxidae;NA;NA;NA;NA,Phagomyxida:2779610
Otu500,0,0,0,0,0,0,0,0,0,0,0,0,0,0,0,0,1,0,2,0,2,Main genome;Eukaryota;Opisthokonta;Metazoa;Arthropoda;Crustacea;Maxillopoda;NA;NA;NA;NA,Crustacea:6657
Otu503,0,0,0,0,0,0,0,0,0,0,0,0,0,0,0,0,1,0,1,0,2,Main genome;Eukaryota;Opisthokonta;Metazoa;Platyhelminthes;Turbellaria;Prolecithophora;NA;NA;NA;NA,Prolecithophora:79788
Otu425,0,0,0,0,0,0,2,0,0,0,0,0,0,0,0,0,0,0,0,0,0,Main genome;Eukaryota;Opisthokonta;Metazoa;Annelida;NA;NA;NA;NA;NA;NA,Annelida:6340
Otu505,0,0,0,0,0,0,0,0,0,0,0,0,0,0,0,0,0,0,0,0,2,Main genome;Eukaryota;Opisthokonta;Metazoa;Entoprocta;Loxosomella;NA;NA;NA;NA;NA,Loxosomella:231595
Otu504,0,0,0,0,0,0,0,0,0,0,0,0,0,0,0,0,0,0,0,0,2,Main genome;Eukaryota;Opisthokonta;Choanoflagellida;Choanoflagellatea;Acanthoecida;Acanthoecidae;G;Acanthoeca;NA;NA,Acanthoeca:81532
Otu506,0,0,0,0,0,0,0,0,0,0,0,0,0,0,0,0,0,0,0,0,2,Main genome;Eukaryota;Opisthokonta;Metazoa;Platyhelminthes;Turbellaria;Mediofusata;NA;NA;NA;NA,Mediofusata:166233
Otu509,0,0,0,0,0,0,0,1,1,0,0,0,0,0,0,0,0,0,0,0,0,Main genome;Eukaryota;Rhizaria;Cercozoa;Filosa-Imbricatea;Euglyphida;NA;NA;NA;NA;NA,Euglyphida:178369
Otu422,0,0,0,0,0,2,0,0,0,0,0,0,0,0,0,0,0,0,0,0,0,Main genome;Eukaryota;Stramenopiles;Ochrophyta;Bacillariophyta;Radial-centric-basal-Coscinodiscophyceae;NA;NA;NA;NA;NA,Radial-centric-basal-Coscinodiscophyceae:33836
Otu423,0,0,0,0,0,2,0,0,0,0,0,0,0,0,0,0,0,0,0,0,0,Main genome;Eukaryota;Stramenopiles;Ochrophyta;Bacillariophyta;Radial-centric-basal-Coscinodiscophyceae;NA;NA;NA;NA;NA,Radial-centric-basal-Coscinodiscophyceae:33836
Otu420,0,0,0,0,0,2,0,0,0,0,0,0,0,0,0,0,0,0,0,0,0,Main genome;Eukaryota;Opisthokonta;Metazoa;Arthropoda;Crustacea;Maxillopoda;Itunella;NA;NA;NA,Itunella:512229
Otu421,0,0,0,0,0,2,0,0,0,0,0,0,0,0,0,0,0,0,0,0,0,Main genome;Eukaryota;Stramenopiles;Ochrophyta;Bacillariophyta;Polar-centric-Mediophyceae;Chaetoceros;NA;NA;NA;NA,Chaetoceros:49237
Otu480,0,0,0,0,0,0,0,0,0,0,0,0,0,0,0,0,2,0,0,0,0,Main genome;Eukaryota;Stramenopiles;Pseudofungi;Oomycota;Haliphthorales;NA;NA;NA;NA;NA,Oomycota:4762
Otu481,0,0,0,0,0,0,0,0,0,0,0,0,0,0,0,0,2,0,0,0,0,Main genome;Eukaryota;Stramenopiles;Sagenista;MAST-6;NA;NA;NA;NA;NA;NA,MAST-6:29322
Otu482,0,0,0,0,0,0,0,0,0,0,0,0,0,0,0,0,2,0,0,0,0,Main genome;Eukaryota;Opisthokonta;Fungi;Cryptomycota;Cryptomycotina;NA;NA;NA;NA;NA,Cryptomycota:1031332
Otu483,0,0,0,0,0,0,0,0,0,0,0,0,0,0,1,0,2,0,1,0,0,Main genome;Eukaryota;Opisthokonta;Metazoa;Mollusca;Bivalvia;Heteroconchia;NA;NA;NA;NA,Heteroconchia:6599
Otu484,0,0,0,0,0,0,0,0,0,0,0,0,0,0,0,0,2,0,0,0,0,Main genome;Eukaryota;Stramenopiles;Ochrophyta;Bacillariophyta;Raphid-pennate;Psammodictyon;NA;NA;NA;NA,Psammodictyon:265580
Otu339,0,0,0,0,0,0,0,0,0,0,0,0,0,0,0,0,4,0,0,0,0,Main genome;Eukaryota;Opisthokonta;Metazoa;Arthropoda;Crustacea;Maxillopoda;Paramenophia;NA;NA;NA,Paramenophia:512235
Otu336,0,0,0,3,0,0,0,0,0,0,0,0,0,0,0,0,4,0,0,0,0,Main genome;Eukaryota;Opisthokonta;Metazoa;Arthropoda;Crustacea;Maxillopoda;NA;NA;NA;NA,Crustacea:6657
Otu337,0,0,0,0,0,0,0,0,0,0,0,0,0,0,0,0,4,0,0,0,0,Main genome;Eukaryota;Opisthokonta;Fungi;Ascomycota;Saccharomycotina;Lipomycetaceae;NA;NA;NA;NA,Lipomycetaceae:29827
Otu334,0,0,0,0,0,0,0,0,0,0,0,0,0,0,0,0,4,0,0,0,0,Main genome;Eukaryota;Opisthokonta;Metazoa;Urochordata;Ascidiacea;NA;NA;NA;NA;NA,Ascidiacea:7713
Otu335,0,0,0,0,0,0,0,0,0,0,0,0,0,0,0,0,6,0,1,0,0,Main genome;Eukaryota;Stramenopiles;Ochrophyta;Bacillariophyta;Raphid-pennate;Amphora;NA;NA;NA;NA,Amphora:59796
Otu332,0,0,0,0,0,0,0,0,0,0,0,0,0,0,0,0,4,0,0,0,0,Main genome;Eukaryota;Amoebozoa;Breviatea;Subulatomonas-lineage;NA;NA;NA;NA;NA;NA,Breviatea:1401294
Otu333,0,0,0,0,0,0,0,0,0,0,0,0,0,0,0,0,6,1,1,0,0,Main genome;Eukaryota;Opisthokonta;Metazoa;Arthropoda;Crustacea;Maxillopoda;NA;NA;NA;NA,Crustacea:6657
Otu330,0,0,0,0,0,0,0,0,0,0,0,0,0,0,0,0,4,0,0,0,0,Main genome;Eukaryota;Stramenopiles;Ochrophyta;Raphidophyceae;Heterosigma;akashiwo;NA;NA;NA;Heterosigma_akashiwo,Heterosigma_akashiwo:2829
Otu331,0,0,0,0,0,0,0,0,0,0,0,0,0,0,0,0,4,0,1,0,0,Main genome;Eukaryota;Opisthokonta;Metazoa;Platyhelminthes;Turbellaria;NA;NA;NA;NA;NA,Turbellaria:166384
Otu349,3,0,0,0,0,0,0,0,0,0,0,0,0,0,0,0,0,0,0,0,0,Main genome;Eukaryota;Opisthokonta;Metazoa;Brachiopoda;NA;NA;NA;NA;NA;NA,Brachiopoda:7568
Otu348,0,0,0,0,0,0,0,0,0,0,0,0,0,0,0,0,0,0,0,0,4,Main genome;Eukaryota;Opisthokonta;Metazoa;Annelida;Polydora;NA;NA;NA;NA;NA,Polydora:46600
Otu439,0,0,0,0,0,0,0,2,0,0,0,0,0,0,0,0,0,0,0,0,0,Main genome;Eukaryota;Opisthokonta;Metazoa;Platyhelminthes;Turbellaria;NA;NA;NA;NA;NA,Turbellaria:166384
Otu438,0,0,0,0,0,0,0,2,0,0,0,0,0,0,0,0,0,0,0,0,0,Main genome;Eukaryota;Opisthokonta;Fungi;Cryptomycota;Cryptomycotina;NA;NA;NA;NA;NA,Cryptomycota:1031332
Otu343,0,0,0,0,0,0,0,0,0,0,0,0,0,0,0,0,4,0,0,0,0,Main genome;Eukaryota;Rhizaria;Cercozoa;Endomyxa;Vampyrellida;op14-lineage;NA;NA;NA;NA,Vampyrellida:1367446
Otu342,0,0,0,0,0,0,0,0,0,0,0,0,0,0,0,0,4,0,1,0,0,Main genome;Eukaryota;Alveolata;Ciliophora;Oligohymenophorea;Peritrichia;Zoothamniidae;NA;NA;NA;NA,Peritrichia:6021
Otu341,0,0,0,0,0,0,0,0,0,0,0,0,0,0,0,0,4,0,0,0,0,Main genome;Eukaryota;Opisthokonta;Metazoa;Urochordata;Ascidiacea;NA;NA;NA;NA;NA,Ascidiacea:7713
Otu340,0,0,0,0,0,0,0,0,0,0,0,0,0,0,0,0,8,0,0,0,0,Main genome;Eukaryota;Opisthokonta;Metazoa;Arthropoda;Crustacea;NA;NA;NA;NA;NA,Crustacea:6657
Otu347,0,0,0,0,0,0,0,0,0,0,0,0,0,0,0,0,4,0,7,0,1,Main genome;Eukaryota;Opisthokonta;Metazoa;Arthropoda;Crustacea;Maxillopoda;NA;NA;NA;NA,Crustacea:6657
Otu345,0,0,0,0,0,0,0,0,0,0,0,0,0,0,0,0,4,0,0,0,0,Main genome;Eukaryota;Opisthokonta;Fungi;Cryptomycota;Cryptomycotina;NA;NA;NA;NA;NA,Cryptomycota:1031332
Otu344,0,0,0,0,0,0,0,1,0,0,3,0,0,0,0,0,4,0,3,0,0,Main genome;Eukaryota;Opisthokonta;Metazoa;Mollusca;Bivalvia;Heteroconchia;Hiatella;NA;NA;NA,Hiatella:120430
Otu158,0,0,0,0,0,0,0,0,11,0,0,0,0,0,0,0,0,0,0,0,0,Main genome;Eukaryota;Opisthokonta;Metazoa;Arthropoda;Crustacea;Maxillopoda;NA;NA;NA;NA,Crustacea:6657
Otu159,0,0,0,0,0,0,0,0,11,0,0,0,0,0,0,0,0,0,0,0,0,Main genome;Eukaryota;Alveolata;Dinoflagellata;Dinophyceae;NA;NA;NA;NA;NA;NA,Dinophyceae:2864
Otu152,0,0,0,0,0,0,0,13,11,0,0,0,0,0,0,0,0,0,0,0,0,Main genome;Eukaryota;Stramenopiles;Pseudofungi;Oomycota;Saprolegniales;Aphanomyces;NA;NA;NA;NA,Aphanomyces:100860
Otu153,0,0,0,0,0,0,0,0,11,0,0,0,0,0,0,0,0,0,0,0,0,Main genome;Eukaryota;Alveolata;Ciliophora;Oligohymenophorea;Hymenostomatia;Tetrahymenida;NA;NA;NA;NA,Oligohymenophorea:6020
Otu150,0,11,0,0,0,0,0,0,0,0,0,0,0,0,0,0,0,0,0,0,0,Main genome;Eukaryota;Opisthokonta;Metazoa;Arthropoda;Crustacea;Malacostraca;NA;NA;NA;NA,Malacostraca:6681
Otu151,0,0,0,0,0,11,6,0,0,0,0,1,0,0,0,0,2,0,2,0,1,Main genome;Eukaryota;Opisthokonta;Metazoa;Arthropoda;Crustacea;Maxillopoda;NA;NA;NA;NA,Crustacea:6657
Otu156,0,0,0,0,0,0,0,0,11,0,0,0,0,0,0,0,2,0,0,0,0,Main genome;Eukaryota;Opisthokonta;Mesomycetozoa;Ichthyosporea;Ichthyosphonida;NA;NA;NA;NA;NA,Ichthyosporea:127916
Otu157,0,0,0,0,0,0,0,2,16,0,0,0,0,0,0,0,0,0,0,0,0,Main genome;Eukaryota;Archaeplastida;Chlorophyta;Trebouxiophyceae;Chlorellales;Picochlorum;NA;NA;NA;NA,Picochlorum:249344
Otu154,0,0,0,0,0,0,0,0,11,0,0,0,0,0,0,0,0,0,0,0,0,Main genome;Eukaryota;Alveolata;Perkinsea;Perkinsida;Perkinsus;qugwadi;NA;NA;NA;Perkinsus_qugwadi,Perkinsus_qugwadi:95749
Otu155,0,0,0,0,0,0,0,2,11,0,0,0,0,0,1,0,0,2,0,0,0,Main genome;Eukaryota;Stramenopiles;Ochrophyta;Bacillariophyta;Polar-centric-Mediophyceae;NA;NA;NA;NA;NA,Polar-centric-Mediophyceae:589449
Otu72,0,0,0,0,0,0,0,0,0,0,0,0,0,0,0,0,37,0,4,0,0,Main genome;Eukaryota;Opisthokonta;Metazoa;Annelida;NA;NA;NA;NA;NA;NA,Annelida:6340
Otu73,0,0,0,0,0,0,0,0,0,0,0,0,0,0,0,0,41,0,0,0,0,Main genome;Eukaryota;Alveolata;Apicomplexa;Gregarinomorphea;Eugregarinorida;Lecudinidae;NA;NA;NA;NA,Lecudinidae:158377
Otu70,0,0,0,0,0,0,0,2,95,0,0,0,0,0,0,0,0,0,0,0,0,Main genome;Eukaryota;Rhizaria;Cercozoa;Filosa-Imbricatea;Euglyphida;Cyphoderiidae;NA;NA;NA;NA,Cyphoderiidae:178373
Otu71,18,0,0,31,0,0,0,0,0,0,0,0,0,0,0,0,0,0,0,0,0,Main genome;Eukaryota;Rhizaria;Cercozoa;Filosa-Sarcomonadea;Glissomonadida;Sandonidae;NA;NA;NA;NA,Sandonidae:2586441
Otu76,28,0,0,0,0,0,0,0,0,0,0,0,0,0,0,0,0,0,1,0,1,Main genome;Eukaryota;Opisthokonta;Metazoa;Arthropoda;Crustacea;Maxillopoda;Paramenophia;NA;NA;NA,Paramenophia:512235
Otu77,0,0,0,0,0,0,0,16,36,0,0,0,0,0,0,0,0,0,0,0,0,Main genome;Eukaryota;Alveolata;Ciliophora;Oligohymenophorea;Peritrichia;Sessilida;NA;NA;NA;NA,Sessilida:1974272
Otu74,41,3,0,0,2,0,0,0,0,0,0,0,0,0,0,0,0,0,0,0,0,Main genome;Eukaryota;Alveolata;Apicomplexa;Gregarinomorphea;Eugregarinorida;Porosporidae;NA;NA;NA;NA,Porosporidae:947094
Otu75,0,0,0,37,0,0,0,0,0,0,0,0,0,0,0,0,0,0,0,0,0,Main genome;Eukaryota;Opisthokonta;Metazoa;Nematoda;Chromadorea;NA;NA;NA;NA;NA,Chromadorea:119089
Otu78,0,0,0,0,0,0,0,0,0,0,0,0,0,0,0,0,18,0,30,0,0,Main genome;Eukaryota;Opisthokonta;Metazoa;Annelida;Autolytus;langerhansi;NA;NA;NA;Autolytus_langerhansi,Autolytus_langerhansi:884653
Otu79,0,0,0,0,0,0,0,1,27,0,0,0,0,0,0,0,0,0,0,0,0,Main genome;Eukaryota;Opisthokonta;Metazoa;Platyhelminthes;Turbellaria;Rhabdocoela;Zonorhynchus;NA;NA;NA,Zonorhynchus:297399
Otu237,0,0,0,0,0,0,0,6,0,0,0,0,0,0,0,0,0,0,0,0,0,Main genome;Eukaryota;Stramenopiles;Ochrophyta;Bacillariophyta;Raphid-pennate;Epithemia;NA;NA;NA;NA,Epithemia:420972
Otu236,0,0,0,0,0,0,0,16,0,0,0,0,0,0,0,0,0,0,0,0,1,Main genome;Eukaryota;Alveolata;Ciliophora;Oligohymenophorea;Peritrichia;Sessilida;NA;NA;NA;NA,Sessilida:1974272
Otu235,0,0,0,0,0,6,0,0,0,0,0,1,0,0,0,0,2,0,2,0,0,Main genome;Eukaryota;Opisthokonta;Metazoa;Arthropoda;Crustacea;Maxillopoda;NA;NA;NA;NA,Crustacea:6657
Otu234,0,0,0,0,6,0,0,0,0,0,0,0,0,0,0,0,0,0,0,0,0,Main genome;Eukaryota;Opisthokonta;Metazoa;Arthropoda;Crustacea;Maxillopoda;NA;NA;NA;NA,Crustacea:6657
Otu233,0,0,3,7,0,0,0,0,0,0,0,0,0,1,0,0,0,1,0,0,0,Main genome;Eukaryota;Opisthokonta;Metazoa;Bryozoa;Favosipora;rosea;NA;NA;NA;Favosipora_rosea,Favosipora_rosea:646314
Otu232,0,0,6,0,0,0,0,0,0,0,0,0,0,0,0,0,0,0,0,0,0,Main genome;Eukaryota;Opisthokonta;Metazoa;Annelida;Autolytus;rubrolineatus;NA;NA;NA;Autolytus_rubrolineatus,Autolytus_rubrolineatus:884652
Otu239,0,0,0,0,0,0,0,6,0,0,0,0,0,0,0,0,0,0,0,0,0,Main genome;Eukaryota;Alveolata;Ciliophora;Oligohymenophorea;NA;NA;NA;NA;NA;NA,Oligohymenophorea:6020
Otu238,0,0,0,0,0,0,0,8,0,0,0,0,0,0,0,0,0,0,0,0,0,Main genome;Eukaryota;Alveolata;Ciliophora;Oligohymenophorea;Peritrichia;Vaginicolidae;NA;NA;NA;NA,Vaginicolidae:168252
Otu168,0,0,0,0,0,2,0,11,0,0,0,0,0,0,0,0,1,0,0,0,0,Main genome;Eukaryota;Stramenopiles;Ochrophyta;Bacillariophyta;Raphid-pennate;NA;NA;NA;NA;NA,Bacillariophyta:2836
Otu8,0,0,0,0,0,0,0,0,0,0,0,0,0,0,13,1,5881,0,1,0,5,Main genome;Eukaryota;Stramenopiles;Sagenista;Labyrinthulomycetes;Thraustochytrida;Thraustochytriaceae;LAB17;NA;NA;NA,Thraustochytriaceae:33674
Otu9,2613,289,269,5,61,19,8,1,2,0,2,10,2,13,0,0,0,0,7,0,13,Main genome;Eukaryota;Opisthokonta;Metazoa;Cnidaria;Anthozoa;NA;NA;NA;NA;NA,Anthozoa:6101
Otu6,10,3693,3,0,0,0,0,0,0,0,0,0,0,0,0,0,0,0,0,0,0,Main genome;Eukaryota;Opisthokonta;Metazoa;Arthropoda;Crustacea;NA;NA;NA;NA;NA,Crustacea:6657
Otu7,0,0,0,17,0,0,0,0,6,0,0,0,0,1,221,0,2331,2,1079,0,3471,Main genome;Eukaryota;Opisthokonta;Metazoa;Arthropoda;Crustacea;Maxillopoda;Megabalanus;NA;NA;NA,Megabalanus:6679
Otu4,3972,128,16,0,0,0,0,0,0,0,1,0,0,0,0,0,0,0,0,0,0,Main genome;Eukaryota;Opisthokonta;Metazoa;Echinodermata;NA;NA;NA;NA;NA;NA,Echinodermata:7586
Otu5,0,6,11,0,1,6,6,8,3716,0,16,5,0,0,0,0,3,0,0,0,2,Main genome;Eukaryota;Opisthokonta;Metazoa;Craniata;Teleostei;NA;NA;NA;NA;NA,Teleostei:32443
Otu2,0,14,0,84,10,59,38,1,20,0,24,4,0,6,8,1,14389,0,6,1,2978,Main genome;Eukaryota;Opisthokonta;Metazoa;Urochordata;Ascidiacea;NA;NA;NA;NA;NA,Ascidiacea:7713
Otu3,5,0,2,0,0,0,0,0,0,0,0,0,0,0,0,0,1301,0,11115,0,4342,Main genome;Eukaryota;Opisthokonta;Metazoa;Mollusca;Bivalvia;Ostreoida;Crassostrea;NA;NA;NA,Crassostrea:6564
Otu1,0,0,0,0,1,2,0,19068,1061,1,3,0,3,4,0,0,6,0,0,0,0,Main genome;Eukaryota;Opisthokonta;Metazoa;Arthropoda;Crustacea;Maxillopoda;NA;NA;NA;NA,Crustacea:6657
Otu50,0,0,0,0,0,0,0,36,54,0,0,0,0,0,0,0,0,0,0,0,0,Main genome;Eukaryota;Archaeplastida;Rhodophyta;Florideophyceae;NA;NA;NA;NA;NA;NA,Florideophyceae:2806
Otu51,0,0,0,0,0,0,0,54,0,0,0,0,0,0,0,0,0,0,0,0,0,Main genome;Eukaryota;Opisthokonta;Metazoa;Nematoda;Chromadorea;Chromadoridae;Punctodora;NA;NA;NA,Punctodora:647164
Otu52,0,0,0,0,0,0,0,0,0,0,0,0,0,0,0,0,98,0,4,0,11,Main genome;Eukaryota;Opisthokonta;Metazoa;Urochordata;Ascidiacea;NA;NA;NA;NA;NA,Ascidiacea:7713
Otu471,0,0,0,0,0,0,0,0,0,0,0,0,0,0,0,0,2,0,0,0,0,Main genome;Eukaryota;Archaeplastida;Chlorophyta;Ulvophyceae;Oltmansiellopsidales;NA;NA;NA;NA;NA,Oltmansiellopsidales:175240
Otu470,0,0,0,0,0,0,0,0,0,0,0,0,0,0,0,0,4,0,0,0,0,Main genome;Eukaryota;Opisthokonta;Fungi;Ascomycota;Pezizomycotina;NA;NA;NA;NA;NA,Pezizomycotina:147538
Otu473,0,0,0,0,0,0,0,0,0,0,0,0,0,0,0,0,2,0,0,0,0,Main genome;Eukaryota;Alveolata;Ciliophora;Phyllopharyngea;Suctoria;NA;NA;NA;NA;NA,Suctoria:39462
Otu472,0,0,0,0,0,0,0,0,0,0,0,0,0,0,0,0,2,0,0,0,0,Main genome;Eukaryota;Rhizaria;Cercozoa;Filosa-Imbricatea;Marimonadida;NA;NA;NA;NA;NA,Marimonadida:1736122
Otu475,0,0,0,0,0,0,0,0,0,0,0,0,0,0,0,0,2,0,1,0,2,Main genome;Eukaryota;Opisthokonta;Metazoa;Nematoda;Enoplea;NA;NA;NA;NA;NA,Enoplea:119088
Otu474,0,0,0,0,0,0,0,0,0,0,0,0,0,0,0,0,2,0,0,0,0,Main genome;Eukaryota;Stramenopiles;Sagenista;Labyrinthulomycetes;LAB1;NA;NA;NA;NA;NA,Labyrinthulomycetes:35131
Otu477,0,0,0,0,0,0,0,0,0,0,0,0,0,0,0,0,2,0,0,0,0,Main genome;Eukaryota;Alveolata;Apicomplexa;Gregarinomorphea;Eugregarinorida;NA;NA;NA;NA;NA,Eugregarinorida:35087
Otu476,0,0,0,0,0,0,0,0,0,0,0,0,0,0,0,0,2,0,0,0,0,Main genome;Eukaryota;Stramenopiles;Pseudofungi;MAST-1;MAST-1C;NA;NA;NA;NA;NA,Stramenopiles:33634
Otu479,0,0,0,0,0,0,0,0,0,0,0,0,0,0,0,0,4,0,0,0,1,Main genome;Eukaryota;Opisthokonta;Metazoa;Annelida;Hydroides;trivesiculosus;NA;NA;NA;Hydroides_trivesiculosus,Hydroides_trivesiculosus:3034647
Otu478,0,0,0,0,0,0,0,0,0,0,0,0,0,0,0,0,2,0,0,0,0,Main genome;Eukaryota;Opisthokonta;Fungi;Basidiomycota;Agaricomycotina;Agaricomycetes;Rhizopogon;NA;NA;NA,Rhizopogon:5375
Otu382,0,0,0,0,0,0,0,0,0,0,0,0,0,0,0,0,3,0,0,0,0,Main genome;Eukaryota;Opisthokonta;Fungi;NA;NA;NA;NA;NA;NA;NA,Fungi:4751
Otu57,0,0,0,0,0,0,0,24,48,0,0,0,0,0,0,0,0,0,0,0,0,Main genome;Eukaryota;Opisthokonta;Metazoa;Cnidaria;Scyphozoa;Aurelia;NA;NA;NA;NA,Aurelia:6144
Otu208,0,7,0,0,3,0,0,0,0,0,0,0,0,0,0,0,0,0,0,0,0,Main genome;Eukaryota;Alveolata;Apicomplexa;Gregarinomorphea;Eugregarinorida;Ganymedidae;Heliospora1;NA;NA;NA,Ganymedidae:715295
Otu209,0,0,0,0,0,0,7,0,0,0,0,0,0,0,0,0,12,0,3,0,0,Main genome;Eukaryota;Opisthokonta;Metazoa;Arthropoda;Crustacea;Maxillopoda;NA;NA;NA;NA,Crustacea:6657
Otu206,7,0,0,0,0,0,0,0,0,0,0,0,0,0,0,0,0,0,0,0,0,Main genome;Eukaryota;Alveolata;Dinoflagellata;Dinophyceae;NA;NA;NA;NA;NA;NA,Dinophyceae:2864
Otu207,0,7,0,0,0,0,0,0,0,0,0,0,0,0,0,0,0,0,0,0,0,Main genome;Eukaryota;Opisthokonta;Fungi;Basidiomycota;Agaricomycotina;Tremellomycetes;NA;NA;NA;NA,Tremellomycetes:155616
Otu204,6,0,0,4,0,9,3,0,15,0,1,0,0,0,0,0,0,0,0,0,0,Main genome;Eukaryota;NA;NA;NA;NA;NA;NA;NA;NA;NA,Eukaryota:2759
Otu205,0,0,0,0,0,0,0,0,0,0,0,0,0,0,8,0,1,0,0,0,0,Main genome;Eukaryota;Stramenopiles;Ochrophyta;Bacillariophyta;Polar-centric-Mediophyceae;NA;NA;NA;NA;NA,Polar-centric-Mediophyceae:589449
Otu202,0,0,0,0,0,0,0,8,0,0,0,0,0,0,0,0,0,0,0,0,0,Main genome;Eukaryota;Opisthokonta;Metazoa;Arthropoda;Crustacea;Maxillopoda;NA;NA;NA;NA,Crustacea:6657
Otu203,0,0,0,0,0,0,0,8,3,0,0,0,0,0,0,0,0,0,0,0,0,Main genome;Eukaryota;Alveolata;Ciliophora;Oligohymenophorea;NA;NA;NA;NA;NA;NA,Oligohymenophorea:6020
Otu200,0,0,0,0,0,0,0,12,0,0,0,0,0,0,0,0,0,0,1,0,0,Main genome;Eukaryota;Alveolata;Ciliophora;Oligohymenophorea;Peritrichia;Vaginicolidae;NA;NA;NA;NA,Vaginicolidae:168252
Otu373,0,0,0,0,0,0,0,0,3,0,0,0,0,0,0,0,2,0,0,0,0,Main genome;Eukaryota;Stramenopiles;Ochrophyta;Bacillariophyta;Raphid-pennate;NA;NA;NA;NA;NA,Bacillariophyta:2836
Otu371,0,0,0,0,0,0,0,0,3,0,0,0,0,0,0,0,0,0,0,0,0,Main genome;Eukaryota;Stramenopiles;Sagenista;Labyrinthulomycetes;LAB1;LAB8;NA;NA;NA;NA,Labyrinthulomycetes:35131
Otu376,0,0,0,0,0,0,0,0,3,0,0,0,0,0,0,0,0,0,0,0,0,Main genome;Eukaryota;Hacrobia;Centroheliozoa;Pterocystida;NA;NA;NA;NA;NA;NA,Pterocystida:2607628
Otu377,0,0,0,0,0,0,0,0,3,0,0,0,0,0,0,0,0,0,0,0,0,Main genome;Eukaryota;Archaeplastida;Streptophyta;Embryophyceae;NA;NA;NA;NA;NA;NA,Streptophyta:35493
Otu374,0,0,0,0,0,0,0,0,3,0,0,0,0,0,0,0,0,0,0,0,0,Main genome;Eukaryota;NA;NA;NA;NA;NA;NA;NA;NA;NA,Eukaryota:2759
Otu375,0,0,0,1,0,0,2,0,3,0,0,1,0,0,0,0,0,0,1,0,0,Main genome;Eukaryota;Opisthokonta;Metazoa;Arthropoda;Crustacea;Maxillopoda;Pseudanthessius;NA;NA;NA,Pseudanthessius:298443
Otu273,0,0,0,0,0,0,0,5,0,0,0,0,0,0,0,0,0,0,0,0,0,Main genome;Eukaryota;Opisthokonta;Metazoa;Gastrotricha;NA;NA;NA;NA;NA;NA,Gastrotricha:33313
Otu272,0,0,0,0,0,0,0,5,0,0,0,0,0,0,0,0,0,0,0,0,0,Main genome;Eukaryota;Opisthokonta;Fungi;Zoopagomycota;Zoopagomycotina;NA;NA;NA;NA;NA,Zoopagomycotina:451827
Otu378,0,0,0,0,0,0,0,0,0,0,0,0,0,0,0,0,0,0,0,0,0,Main genome;Eukaryota;Opisthokonta;Fungi;NA;NA;NA;NA;NA;NA;NA,Fungi:4751
Otu270,0,0,0,0,0,0,0,5,0,0,0,0,0,0,0,0,0,0,0,0,0,Main genome;Eukaryota;Opisthokonta;Metazoa;Platyhelminthes;Turbellaria;Rhabdocoela;NA;NA;NA;NA,Rhabdocoela:27901
Otu276,0,0,0,0,0,0,0,0,5,0,0,0,0,0,0,0,0,0,0,0,0,Main genome;Eukaryota;Stramenopiles;Ochrophyta;Chrysophyceae;NA;NA;NA;NA;NA;NA,Chrysophyceae:2825
Otu275,0,0,0,0,0,0,0,5,0,0,0,0,0,0,0,0,0,0,0,0,0,Main genome;Eukaryota;Stramenopiles;Ochrophyta;Bacillariophyta;Polar-centric-Mediophyceae;Skeletonema;NA;NA;NA;NA,Skeletonema:2842
Otu105,0,0,0,0,0,0,0,0,0,0,0,0,0,0,0,0,21,0,8,0,1,Main genome;Eukaryota;Alveolata;Ciliophora;Oligohymenophorea;Peritrichia;Zoothamniidae;Zoothamnium;NA;NA;NA,Zoothamnium:168256
Otu104,0,0,0,0,0,0,0,18,6,0,0,0,0,0,2,0,0,0,0,0,0,Main genome;Eukaryota;Alveolata;Ciliophora;Spirotrichea;Hypotrichia;NA;NA;NA;NA;NA,Hypotrichia:5934
Otu107,0,0,0,17,0,0,0,0,9,0,0,6,0,0,0,0,1,0,0,0,0,Main genome;Eukaryota;Stramenopiles;Ochrophyta;Bacillariophyta;Polar-centric-Mediophyceae;NA;NA;NA;NA;NA,Polar-centric-Mediophyceae:589449
Otu106,17,0,0,0,0,0,0,0,0,0,0,0,0,0,0,0,0,0,0,0,0,Main genome;Eukaryota;Alveolata;Ciliophora;Spirotrichea;Euplotia;Euplotidae;Euplotes;aediculatus;NA;Euplotes_aediculatus,Euplotes_aediculatus:5940
Otu101,0,0,0,0,0,0,0,18,19,0,0,0,0,0,0,0,0,0,0,0,0,Main genome;Eukaryota;Alveolata;Ciliophora;Oligohymenophorea;Peritrichia;Sessilida;NA;NA;NA;NA,Sessilida:1974272
Otu100,19,0,0,0,0,0,0,0,0,0,0,0,0,0,0,0,0,0,0,0,0,Main genome;Eukaryota;Archaeplastida;Prasinodermophyta;Prasinodermophyceae;Prasinodermales;Prasinodermaceae;Prasinoderma;coloniale;NA;Prasinoderma_coloniale,Prasinoderma_coloniale:156133
Otu103,0,0,0,0,0,0,0,18,0,0,0,0,0,0,0,0,0,0,0,0,0,Main genome;Eukaryota;Opisthokonta;Metazoa;Platyhelminthes;Turbellaria;Acoelomorpha;Philocelis;NA;NA;NA,Philocelis:188045
Otu102,0,10,0,7,25,6,0,0,0,0,0,2,0,0,5,0,19,0,0,0,0,Main genome;Eukaryota;Opisthokonta;Metazoa;Arthropoda;Crustacea;Maxillopoda;Euryte;NA;NA;NA,Euryte:298417
Otu109,0,0,0,0,0,0,0,0,17,0,0,0,0,0,0,0,0,0,0,0,0,Main genome;Eukaryota;Rhizaria;Cercozoa;Endomyxa;Vampyrellida;Penardia-lineage;NA;NA;NA;NA,Vampyrellida:1367446
Otu108,0,0,0,27,1,0,0,0,0,0,0,3,1,0,0,0,0,0,0,0,0,Main genome;Eukaryota;Opisthokonta;Metazoa;Annelida;Protula;NA;NA;NA;NA;NA,Protula:51281
Otu295,0,0,0,0,0,0,0,0,0,0,0,0,0,0,0,0,0,0,5,0,1,Main genome;Eukaryota;Stramenopiles;Ochrophyta;Bacillariophyta;Raphid-pennate;NA;NA;NA;NA;NA,Bacillariophyta:2836
Otu294,0,0,0,0,0,0,0,0,0,0,0,0,0,0,0,1,9,0,6,0,1,Main genome;Eukaryota;Alveolata;Ciliophora;Oligohymenophorea;Peritrichia;Zoothamniidae;Zoothamnium;NA;NA;NA,Zoothamnium:168256
Otu297,0,0,0,0,0,0,0,0,0,0,0,0,0,0,0,0,0,0,1,0,9,Main genome;Eukaryota;Stramenopiles;Sagenista;Labyrinthulomycetes;Oblongichytrida;Oblongichytridiaceae;NA;NA;NA;NA,Oblongichytrida:2699530
Otu296,0,0,0,0,0,0,0,0,0,0,0,0,0,0,0,0,1,0,2,0,10,Main genome;Eukaryota;Opisthokonta;Metazoa;Porifera;Demospongiae;Hymeniacidon;NA;NA;NA;NA,Hymeniacidon:6065
Otu291,0,0,0,0,0,0,0,0,0,0,0,0,0,0,0,0,5,0,0,0,0,Main genome;Eukaryota;Alveolata;Apicomplexa;Gregarinomorphea;Eugregarinorida;Porosporidae;NA;NA;NA;NA,Porosporidae:947094
Otu290,0,0,0,0,0,0,0,0,0,0,0,0,0,0,0,0,5,0,0,0,0,Main genome;Eukaryota;Opisthokonta;Fungi;Chytridiomycota;Chytridiomycotina;NA;NA;NA;NA;NA,Chytridiomycota:4761
Otu293,0,0,0,0,0,0,0,0,0,0,0,0,0,0,0,0,8,0,0,0,0,Main genome;Eukaryota;Alveolata;Chrompodellids;Colpodellidea;Colpodellida;Alphamonaceae;Alphamonadea;ALPH1;NA;NA,Alphamonaceae:2605703
Otu292,0,0,0,0,0,0,0,0,0,0,0,0,0,0,0,0,7,0,0,0,0,Main genome;Eukaryota;Rhizaria;Cercozoa;Filosa-Thecofilosea;Mataza-lineage;NA;NA;NA;NA;NA,Filosa-Thecofilosea:1004930
Otu497,0,0,0,0,0,0,0,0,0,0,0,0,0,0,0,0,2,0,2,0,1,Main genome;Eukaryota;Alveolata;Ciliophora;Oligohymenophorea;Peritrichia;Vaginicolidae;NA;NA;NA;NA,Vaginicolidae:168252
Otu268,0,0,0,0,0,2,5,0,0,0,0,0,0,0,0,0,0,0,0,0,0,Main genome;Eukaryota;Alveolata;Apicomplexa;Gregarinomorphea;Eugregarinorida;Porosporidae;NA;NA;NA;NA,Porosporidae:947094
Otu196,0,0,0,0,0,8,0,0,0,0,0,0,0,0,0,0,0,0,0,0,0,Main genome;Eukaryota;Opisthokonta;Metazoa;Arthropoda;Crustacea;Maxillopoda;NA;NA;NA;NA,Crustacea:6657
Otu197,0,0,0,0,0,8,4,0,0,0,0,0,0,5,0,0,0,0,0,0,0,Main genome;Eukaryota;Opisthokonta;Metazoa;Arthropoda;Crustacea;Maxillopoda;Verruca;NA;NA;NA,Verruca:66522
Otu194,0,0,0,0,8,0,0,0,0,0,0,0,0,0,0,0,0,0,0,0,0,Main genome;Eukaryota;Archaeplastida;Streptophyta;Embryophyceae;NA;NA;NA;NA;NA;NA,Streptophyta:35493
Otu195,0,0,0,0,0,8,0,0,0,0,0,0,0,0,0,0,0,0,0,0,0,Main genome;Eukaryota;Opisthokonta;Choanoflagellida;Choanoflagellatea;Acanthoecida;Acanthoecidae;G;Savillea;micropora;Savillea_micropora,Savillea_micropora:473817
Otu192,8,0,0,0,0,0,0,0,0,0,0,0,0,0,0,0,0,0,0,0,0,Main genome;Eukaryota;Rhizaria;Cercozoa;Filosa-Imbricatea;Thaumatomonadida;NA;NA;NA;NA;NA,Thaumatomonadida:188944
Otu193,0,0,0,8,0,0,0,0,0,0,3,0,0,0,1,0,1,0,0,0,4,Main genome;Eukaryota;Opisthokonta;Metazoa;Nemertea;Cephalothrix;NA;NA;NA;NA;NA,Cephalothrix:166041
Otu190,0,0,0,0,0,0,0,0,0,0,1,0,0,0,0,5,9,0,4,0,9,Main genome;Eukaryota;Opisthokonta;Metazoa;Annelida;NA;NA;NA;NA;NA;NA,Annelida:6340
Otu191,8,0,0,0,0,0,0,0,0,0,0,0,0,0,0,0,0,0,0,0,0,Main genome;Eukaryota;Rhizaria;Cercozoa;Endomyxa-Phytomyxea;Phagomyxida;Phagomyxidae;NA;NA;NA;NA,Phagomyxida:2779610
Otu493,0,0,0,0,0,0,0,0,0,0,0,0,0,0,0,0,2,0,0,0,0,Main genome;Eukaryota;Alveolata;Dinoflagellata;Syndiniales;NA;NA;NA;NA;NA;NA,Syndiniales:88547
Otu491,0,0,0,0,0,0,0,0,0,0,0,0,0,0,0,0,2,0,0,0,0,Main genome;Eukaryota;Stramenopiles;Sagenista;MAST-6;NA;NA;NA;NA;NA;NA,MAST-6:29322
Otu490,0,0,0,0,0,0,0,0,0,0,0,0,0,0,0,0,2,0,0,0,0,Main genome;Eukaryota;Opisthokonta;Mesomycetozoa;Ichthyosporea;Ichthyosphonida;Pseudoperkinsidae;NA;NA;NA;NA,Pseudoperkinsidae:2586436
Otu98,17,0,1,0,0,20,0,0,7,0,0,0,0,0,0,0,0,0,0,0,0,Main genome;Eukaryota;Opisthokonta;Fungi;Basidiomycota;Ustilaginomycotina;Exobasidiomycetes;NA;NA;NA;NA,Exobasidiomycetes:452283
Otu99,19,0,0,0,0,0,0,0,0,0,0,0,0,0,0,0,0,0,0,0,0,Main genome;Eukaryota;Stramenopiles;Ochrophyta;Bacillariophyta;Polar-centric-Mediophyceae;Thalassiosira;NA;NA;NA;NA,Thalassiosira:35127
Otu94,7,14,0,21,20,7,5,1,0,0,0,2,0,1,0,0,13,0,0,0,0,Main genome;Eukaryota;Opisthokonta;Fungi;NA;NA;NA;NA;NA;NA;NA,Fungi:4751
Otu95,0,0,0,0,0,0,0,0,0,0,24,0,0,0,0,0,19,0,15,0,16,Main genome;Eukaryota;Opisthokonta;Metazoa;Annelida;NA;NA;NA;NA;NA;NA,Annelida:6340
Otu96,0,0,0,0,0,0,0,0,0,0,0,0,0,0,0,0,0,0,0,0,0,Main genome;Eukaryota;Hacrobia;Haptophyta;Prymnesiophyceae;Isochrysidales;Noelaerhabdaceae;NA;NA;NA;NA,Noelaerhabdaceae:418966
Otu90,0,0,0,0,0,0,0,22,0,0,0,0,0,0,0,0,0,0,0,0,0,Main genome;Eukaryota;Opisthokonta;Metazoa;Platyhelminthes;Turbellaria;Acoelomorpha;Postmecynostomum;pictum;NA;Postmecynostomum_pictum,Postmecynostomum_pictum:90926
Otu91,1,0,0,0,0,0,0,0,22,0,0,0,0,0,0,0,0,0,0,0,0,Main genome;Eukaryota;Alveolata;Apicomplexa;Gregarinomorphea;GRE1;NA;NA;NA;NA;NA,Apicomplexa:5794
Otu92,1,15,1,0,6,0,0,0,8,0,0,0,0,5,0,0,5,0,0,0,0,Main genome;Eukaryota;Opisthokonta;Fungi;Ascomycota;Pezizomycotina;Sordariomycetes;NA;NA;NA;NA,Sordariomycetes:147550
Otu93,0,0,0,0,0,0,0,0,0,0,0,0,0,0,0,0,31,0,2,0,0,Main genome;Eukaryota;Opisthokonta;Metazoa;Gastrotricha;NA;NA;NA;NA;NA;NA,Gastrotricha:33313
Otu329,0,0,0,0,0,0,0,0,0,0,0,0,0,0,4,0,0,0,0,0,0,Main genome;Eukaryota;Alveolata;Ciliophora;Heterotrichea;Stentoridae;Stentor;NA;NA;NA;NA,Stentor:5962
Otu499,0,0,0,0,0,0,0,0,0,0,0,0,0,0,0,0,1,0,2,0,0,Main genome;Eukaryota;Opisthokonta;Metazoa;Cnidaria;NA;NA;NA;NA;NA;NA,Cnidaria:6073
Otu498,0,0,0,0,0,0,0,0,0,0,0,0,0,0,0,0,2,0,0,0,0,Main genome;Eukaryota;Opisthokonta;Metazoa;Arthropoda;Crustacea;Maxillopoda;NA;NA;NA;NA,Crustacea:6657
Otu325,0,0,0,0,0,0,0,0,4,0,0,0,0,0,0,0,0,0,0,0,0,Main genome;Eukaryota;Rhizaria;Cercozoa;NA;NA;NA;NA;NA;NA;NA,Cercozoa:136419
Otu324,0,0,0,0,0,0,0,0,4,0,0,0,0,0,0,0,0,0,0,0,0,Main genome;Eukaryota;Stramenopiles;Pseudofungi;Oomycota;Saprolegniales;NA;NA;NA;NA;NA,Saprolegniales:4763
Otu327,0,0,0,0,0,0,0,0,0,0,4,0,0,0,0,0,0,0,0,0,1,Main genome;Eukaryota;Opisthokonta;Metazoa;Arthropoda;Crustacea;Malacostraca;Thoralus;NA;NA;NA,Thoralus:576235
Otu326,0,0,0,0,0,0,0,2,4,0,0,0,0,0,0,0,0,0,0,0,0,Main genome;Eukaryota;Opisthokonta;Metazoa;Arthropoda;Crustacea;Ostracoda;Howeina;NA;NA;NA,Howeina:182551
Otu321,0,0,0,0,0,0,0,0,4,0,0,0,0,0,0,0,0,0,0,0,0,Main genome;Eukaryota;Rhizaria;Cercozoa;Filosa-Thecofilosea;Cryomonadida;Protaspa-lineage;NA;NA;NA;NA,Cryomonadida:589444
Otu320,0,0,0,0,0,0,0,2,4,0,0,0,0,0,0,0,0,0,0,0,0,Main genome;Eukaryota;Alveolata;Ciliophora;Heterotrichea;Stentoridae;Stentor;NA;NA;NA;NA,Stentor:5962
Otu323,0,0,0,0,0,0,0,0,4,0,0,0,0,0,0,0,0,0,0,0,0,Main genome;Eukaryota;Stramenopiles;Ochrophyta;Bacillariophyta;Raphid-pennate;NA;NA;NA;NA;NA,Bacillariophyta:2836
Otu322,0,0,0,0,0,0,0,0,4,0,0,0,0,0,0,0,0,0,0,0,0,Main genome;Eukaryota;Hacrobia;Centroheliozoa;Pterocystida;NA;NA;NA;NA;NA;NA,Pterocystida:2607628
Otu302,0,0,0,0,0,4,0,0,0,0,0,0,0,0,0,0,0,0,0,0,0,Main genome;Eukaryota;Stramenopiles;Ochrophyta;NA;NA;NA;NA;NA;NA;NA,Ochrophyta:2696291
Otu409,0,0,0,0,0,0,0,0,0,0,0,0,0,0,0,0,0,0,0,0,3,Main genome;Eukaryota;Opisthokonta;Metazoa;Nematoda;Chromadorea;NA;NA;NA;NA;NA,Chromadorea:119089
Otu400,0,0,0,0,0,0,0,0,0,0,0,0,0,0,0,0,3,0,0,0,0,Main genome;Eukaryota;Stramenopiles;Ochrophyta;Bacillariophyta;Polar-centric-Mediophyceae;NA;NA;NA;NA;NA,Polar-centric-Mediophyceae:589449
Otu401,0,0,0,0,0,0,0,0,0,0,0,0,0,0,0,0,3,0,0,0,1,Main genome;Eukaryota;Opisthokonta;Metazoa;Annelida;Cirratulus;NA;NA;NA;NA;NA,Cirratulus:104698
Otu402,0,0,0,0,0,0,0,0,0,0,0,0,0,0,0,0,3,0,0,0,0,Main genome;Eukaryota;Opisthokonta;Metazoa;Porifera;Demospongiae;NA;NA;NA;NA;NA,Demospongiae:6042
Otu403,0,0,0,0,0,0,0,0,0,0,0,0,0,0,0,0,3,0,0,0,0,Main genome;Eukaryota;Opisthokonta;Metazoa;Platyhelminthes;Turbellaria;Polycladida;Stylochus;NA;NA;NA,Stylochus:31257
Otu404,0,0,0,0,0,0,0,0,0,0,0,0,0,0,2,0,1,0,3,0,5,Main genome;Eukaryota;Opisthokonta;Metazoa;Mollusca;Bivalvia;Mytiloida;Xenostrobus;NA;NA;NA,Xenostrobus:1819793
Otu407,0,0,0,0,0,0,0,0,0,0,0,0,0,0,0,0,0,0,0,0,3,Main genome;Eukaryota;Opisthokonta;Metazoa;Entoprocta;Loxosomella;stomatophora;NA;NA;NA;Loxosomella_stomatophora,Loxosomella_stomatophora:768834
Otu149,11,0,0,1,0,0,0,0,0,0,1,0,0,0,0,0,0,0,0,0,0,Main genome;Eukaryota;Opisthokonta;Metazoa;Arthropoda;Crustacea;Maxillopoda;NA;NA;NA;NA,Crustacea:6657
Otu148,0,0,0,1,0,0,0,0,2,0,0,0,0,0,0,0,12,0,0,0,0,Main genome;Eukaryota;Alveolata;Dinoflagellata;Dinophyceae;NA;NA;NA;NA;NA;NA,Dinophyceae:2864
Otu141,7,12,1,6,2,2,11,2,6,0,0,4,0,2,0,0,0,0,0,0,0,Main genome;Eukaryota;Opisthokonta;Metazoa;Craniata;NA;NA;NA;NA;NA;NA,Craniata:89593
Otu140,12,0,0,0,0,0,0,0,0,0,0,0,0,0,0,0,0,0,0,0,0,Main genome;Eukaryota;Alveolata;Dinoflagellata;Syndiniales;Dino-Group-I;Dino-Group-I-Clade-4;NA;NA;NA;NA,Syndiniales:88547
Otu143,0,0,0,0,0,0,0,14,8,0,0,0,0,0,0,0,0,0,0,0,0,Main genome;Eukaryota;Opisthokonta;Metazoa;Arthropoda;Chelicerata;Arachnida;NA;NA;NA;NA,Arachnida:6854
Otu142,0,0,0,1,1,20,5,0,3,0,0,9,0,0,0,0,0,0,0,0,0,Main genome;Eukaryota;Opisthokonta;Metazoa;Annelida;NA;NA;NA;NA;NA;NA,Annelida:6340
Otu145,0,0,0,0,0,0,0,0,12,0,0,0,0,0,0,0,0,0,0,0,0,Main genome;Eukaryota;Alveolata;Ciliophora;Spirotrichea;Hypotrichia;NA;NA;NA;NA;NA,Hypotrichia:5934
Otu144,0,0,0,0,0,0,0,12,0,0,0,0,0,0,0,0,0,0,0,0,0,Main genome;Eukaryota;Opisthokonta;Metazoa;Porifera;Demospongiae;Spongilla;NA;NA;NA;NA,Spongilla:6054
Otu147,0,0,0,0,0,0,0,0,0,0,0,0,0,0,0,0,12,0,0,0,0,Main genome;Eukaryota;Alveolata;Apicomplexa;Gregarinomorphea;Selenidium1;NA;NA;NA;NA;NA,Apicomplexa:5794
Otu146,0,0,0,2,0,7,0,0,0,0,1,0,1,0,0,0,28,0,22,0,12,Main genome;Eukaryota;Opisthokonta;Metazoa;Mollusca;Bivalvia;Pectinoida;NA;NA;NA;NA,Pectinoida:106218
Otu392,0,0,0,0,0,0,0,0,0,0,0,0,0,0,0,0,3,0,0,0,0,Main genome;Eukaryota;Alveolata;Dinoflagellata;NA;NA;NA;NA;NA;NA;NA,Dinoflagellata:2864
Otu393,0,0,0,0,0,0,0,0,0,0,0,0,0,0,0,0,3,0,0,0,0,Main genome;Eukaryota;Stramenopiles;Ochrophyta;Chrysophyceae;Clade-H;NA;NA;NA;NA;NA,Chrysophyceae:2825
Otu394,0,0,0,0,0,0,0,0,0,0,0,0,0,0,0,0,3,0,3,0,2,Main genome;Eukaryota;Opisthokonta;Metazoa;Arthropoda;Crustacea;Maxillopoda;NA;NA;NA;NA,Crustacea:6657
Otu395,0,0,0,0,2,0,0,0,0,0,0,0,0,0,0,0,3,0,0,0,0,Main genome;Eukaryota;Alveolata;Dinoflagellata;NA;NA;NA;NA;NA;NA;NA,Dinoflagellata:2864
Otu396,0,0,0,0,0,0,0,0,0,0,0,0,0,0,0,0,3,0,0,0,0,Main genome;Eukaryota;Stramenopiles;Pseudofungi;Oomycota;NA;NA;NA;NA;NA;NA,Oomycota:4762
Otu397,0,0,0,0,0,0,0,0,0,0,0,0,0,0,0,0,5,0,0,0,1,Main genome;Eukaryota;Opisthokonta;Metazoa;Arthropoda;Crustacea;Maxillopoda;NA;NA;NA;NA,Crustacea:6657
Otu399,0,0,0,0,0,0,0,0,0,0,0,0,0,0,0,0,3,0,0,0,0,Main genome;Eukaryota;Opisthokonta;Metazoa;Bryozoa;Cryptosula;pallasiana;NA;NA;NA;Cryptosula_pallasiana,Cryptosula_pallasiana:558755
Otu45,0,0,0,0,0,0,0,2,68,0,0,0,0,0,0,0,0,0,0,0,0,Main genome;Eukaryota;Opisthokonta;Metazoa;Platyhelminthes;Turbellaria;Rhabdocoela;NA;NA;NA;NA,Rhabdocoela:27901
Otu44,0,0,0,3,0,0,0,23,83,0,0,0,0,0,0,0,0,0,0,0,0,Main genome;Eukaryota;Stramenopiles;Ochrophyta;Bacillariophyta;Radial-centric-basal-Coscinodiscophyceae;NA;NA;NA;NA;NA,Radial-centric-basal-Coscinodiscophyceae:33836
Otu43,0,0,0,0,0,0,0,0,85,0,0,0,0,0,0,0,0,0,0,0,0,Main genome;Eukaryota;Alveolata;Ciliophora;Phyllopharyngea;Suctoria;NA;NA;NA;NA;NA,Suctoria:39462
Otu42,0,0,0,0,0,0,0,0,72,0,0,0,0,0,0,0,0,0,0,0,0,Main genome;Eukaryota;Opisthokonta;Metazoa;Mollusca;Gastropoda;Heterobranchia;NA;NA;NA;NA,Heterobranchia:216305
Otu41,0,0,0,0,0,0,0,0,72,0,0,0,0,0,0,0,0,0,0,0,0,Main genome;Eukaryota;Hacrobia;Picozoa;NA;NA;NA;NA;NA;NA;NA,Picozoa:419944
Otu40,0,0,0,0,0,0,0,72,0,0,0,0,0,0,0,0,0,0,0,0,0,Main genome;Eukaryota;Archaeplastida;Rhodophyta;Florideophyceae;Ceramiales;Rhodomelaceae;NA;NA;NA;NA,Rhodomelaceae:2803
Otu242,0,0,0,0,0,0,0,0,6,0,0,0,0,0,0,0,0,0,0,0,0,Main genome;Eukaryota;Alveolata;Dinoflagellata;Dinophyceae;NA;NA;NA;NA;NA;NA,Dinophyceae:2864
Otu240,0,0,0,0,0,0,0,6,0,0,0,0,0,0,0,0,0,0,0,0,0,Main genome;Eukaryota;Stramenopiles;Ochrophyta;Bacillariophyta;Raphid-pennate;NA;NA;NA;NA;NA,Bacillariophyta:2836
Otu241,0,0,0,0,0,0,0,1,6,0,0,0,0,0,2,0,0,0,1,0,0,Main genome;Eukaryota;Rhizaria;Cercozoa;Filosa-Thecofilosea;Cryomonadida;Protaspa-lineage;NA;NA;NA;NA,Cryomonadida:589444
Otu247,0,0,0,0,0,0,0,0,6,0,0,0,0,0,0,0,0,0,0,0,0,Main genome;Eukaryota;Alveolata;Ciliophora;Oligohymenophorea;Apostomatia;Pseudocolliniidae;NA;NA;NA;NA,Pseudocolliniidae:1416935
Otu244,0,0,0,0,0,0,0,0,6,0,0,0,0,0,0,0,0,0,0,0,0,Main genome;Eukaryota;Opisthokonta;Metazoa;Nematoda;Chromadorea;Sabatieria;NA;NA;NA;NA,Sabatieria:129901
Otu245,0,0,0,0,0,0,0,0,6,0,0,0,0,0,0,0,0,0,0,0,0,Main genome;Eukaryota;Stramenopiles;Ochrophyta;Phaeophyceae;NA;NA;NA;NA;NA;NA,Phaeophyceae:2870
Otu248,0,0,0,0,0,0,0,0,0,0,0,0,0,0,0,0,9,0,0,0,0,Main genome;Eukaryota;Archaeplastida;Chlorophyta;Chloropicophyceae;Chloropicales;Chloropicaceae;Chloroparvula;B3;NA;NA,B3:1330081
Otu249,0,0,0,0,0,0,0,0,0,0,0,0,0,0,0,0,6,0,0,0,1,Main genome;Eukaryota;Opisthokonta;Metazoa;Annelida;NA;NA;NA;NA;NA;NA,Annelida:6340
Otu53,0,38,0,9,0,0,0,0,0,0,0,0,0,0,0,0,93,0,0,0,0,Main genome;Eukaryota;Alveolata;Dinoflagellata;Dinophyceae;NA;NA;NA;NA;NA;NA,Dinophyceae:2864
Otu54,0,0,0,0,0,0,0,71,0,0,0,0,0,0,0,0,0,0,0,0,0,Main genome;Eukaryota;Opisthokonta;Metazoa;Mollusca;Bivalvia;Heteroconchia;NA;NA;NA;NA,Heteroconchia:6599
Otu55,0,0,0,0,0,0,0,49,7,0,0,0,0,0,0,0,0,0,0,0,0,Main genome;Eukaryota;Opisthokonta;Metazoa;Platyhelminthes;Turbellaria;Rhabdocoela;NA;NA;NA;NA,Rhabdocoela:27901
Otu502,0,0,0,0,0,0,0,0,0,0,0,0,0,0,0,0,1,0,3,0,0,Main genome;Eukaryota;Opisthokonta;Metazoa;Annelida;NA;NA;NA;NA;NA;NA,Annelida:6340
Otu448,0,0,0,0,0,0,0,0,2,0,0,0,0,0,0,0,0,0,0,0,0,Main genome;Eukaryota;Rhizaria;Cercozoa;NA;NA;NA;NA;NA;NA;NA,Cercozoa:136419
Otu449,0,0,0,0,0,0,0,0,2,0,0,0,0,0,0,0,0,0,0,0,0,Main genome;Eukaryota;Rhizaria;Cercozoa;Filosa-Thecofilosea;NA;NA;NA;NA;NA;NA,Filosa-Thecofilosea:1004930
Otu445,0,0,0,0,0,0,0,0,2,0,0,0,0,0,0,0,0,0,0,0,0,Main genome;Eukaryota;Opisthokonta;Metazoa;Rotifera;NA;NA;NA;NA;NA;NA,Rotifera:10190
Otu446,0,0,0,0,0,0,0,0,2,0,0,0,0,0,0,0,0,0,0,0,0,Main genome;Eukaryota;Rhizaria;Cercozoa;Filosa-Thecofilosea;Cryomonadida;Protaspa-lineage;NA;NA;NA;NA,Cryomonadida:589444
Otu447,0,0,0,0,0,0,0,0,2,0,0,0,0,0,0,0,0,0,0,0,0,Main genome;Eukaryota;Opisthokonta;Metazoa;Mollusca;Bivalvia;Heteroconchia;Parvicardium;NA;NA;NA,Parvicardium:120447
Otu440,0,0,0,0,0,0,0,2,0,0,0,0,0,0,0,0,0,0,0,0,0,Main genome;Eukaryota;Opisthokonta;Metazoa;Arthropoda;Crustacea;Maxillopoda;Argulus;NA;NA;NA,Argulus:179104
Otu441,0,0,0,0,0,0,0,2,0,0,0,0,0,0,0,0,0,0,0,0,0,Main genome;Eukaryota;Stramenopiles;Ochrophyta;Bacillariophyta;Araphid-pennate;Tabularia;NA;NA;NA;NA,Tabularia:232513
Otu442,0,0,0,0,0,0,0,2,0,0,0,0,0,0,0,0,0,0,0,0,0,Main genome;Eukaryota;Apusozoa;Apusomonadidae;Group-1;NA;NA;NA;NA;NA;NA,Apusomonadidae:172820
Otu443,0,0,0,0,0,0,0,2,0,0,0,0,0,0,0,0,0,0,0,0,0,Main genome;Eukaryota;Hacrobia;Centroheliozoa;Pterocystida;NA;NA;NA;NA;NA;NA,Pterocystida:2607628
Otu508,0,0,0,0,0,0,0,1,1,0,0,0,0,0,0,0,0,0,0,0,0,Main genome;Eukaryota;Alveolata;Ciliophora;Spirotrichea;NA;NA;NA;NA;NA;NA,Spirotrichea:33829
Otu219,0,0,0,0,0,0,0,0,7,0,0,0,0,0,0,0,0,0,0,0,0,Main genome;Eukaryota;Alveolata;Ciliophora;Heterotrichea;Folliculinidae;NA;NA;NA;NA;NA,Folliculinidae:219170
Otu218,0,0,0,0,0,0,0,0,7,0,0,0,0,0,0,0,0,0,0,0,0,Main genome;Eukaryota;Opisthokonta;Metazoa;Arthropoda;Crustacea;Maxillopoda;NA;NA;NA;NA,Crustacea:6657
Otu215,0,0,0,0,0,0,0,0,7,0,0,0,0,0,0,0,0,0,0,0,0,Main genome;Eukaryota;Alveolata;Ciliophora;Litostomatea;NA;NA;NA;NA;NA;NA,Litostomatea:5988
Otu214,0,0,0,0,0,0,0,0,7,0,0,0,0,0,0,0,0,0,0,0,0,Main genome;Eukaryota;Rhizaria;Cercozoa;NA;NA;NA;NA;NA;NA;NA,Cercozoa:136419
Otu217,0,0,0,0,0,0,0,0,7,0,0,0,0,0,0,0,0,0,0,0,0,Main genome;Eukaryota;Alveolata;Ciliophora;Litostomatea;Haptoria;Lacrymariidae;NA;NA;NA;NA,Lacrymariidae:375590
Otu216,0,0,0,0,0,0,0,0,7,0,0,0,0,0,0,0,0,0,0,0,0,Main genome;Eukaryota;Alveolata;Apicomplexa;Gregarinomorphea;Eugregarinorida;EUG3;NA;NA;NA;NA,Eugregarinorida:35087
Otu211,0,0,0,0,0,0,0,7,0,0,0,0,0,0,0,0,0,0,0,0,0,Main genome;Eukaryota;Opisthokonta;Metazoa;Platyhelminthes;Turbellaria;Rhabdocoela;Acrorhynchides;NA;NA;NA,Acrorhynchides:84149
Otu210,0,0,0,0,0,0,0,7,0,0,0,0,0,0,0,0,0,0,0,0,0,Main genome;Eukaryota;Opisthokonta;Metazoa;Arthropoda;Crustacea;Maxillopoda;NA;NA;NA;NA,Crustacea:6657
Otu213,0,0,0,0,0,0,0,0,7,0,0,0,0,0,0,0,0,0,0,0,0,Main genome;Eukaryota;Opisthokonta;Fungi;Cryptomycota;Cryptomycotina;NA;NA;NA;NA;NA,Cryptomycota:1031332
Otu212,0,0,0,0,0,0,0,7,0,0,0,0,0,0,0,0,0,0,0,0,0,Main genome;Eukaryota;Rhizaria;Cercozoa;Filosa-Imbricatea;Euglyphida;Cyphoderiidae;Cyphoderia;NA;NA;NA,Cyphoderia:178374
Otu47,0,64,0,0,0,0,0,0,0,0,0,0,0,0,2,0,0,0,0,0,0,Main genome;Eukaryota;Opisthokonta;Metazoa;Nemertea;Oerstedia;NA;NA;NA;NA;NA,Oerstedia:187724
Otu46,0,0,1,0,0,0,0,6,114,0,0,0,0,0,0,0,0,0,0,0,0,Main genome;Eukaryota;Opisthokonta;Metazoa;Mollusca;Gastropoda;Caenogastropoda;Hydrobia;ulvae;NA;Hydrobia_ulvae,Hydrobia_ulvae:179961
Otu361,0,0,0,0,0,0,4,0,0,0,0,1,0,0,1,0,2,0,3,0,0,Main genome;Eukaryota;Opisthokonta;Metazoa;Mollusca;Bivalvia;Pectinoida;NA;NA;NA;NA,Pectinoida:106218
Otu360,0,0,0,0,0,0,3,0,0,0,0,0,0,0,0,0,0,0,0,0,0,Main genome;Eukaryota;Opisthokonta;Metazoa;Annelida;Eusyllis;blomstrandi;NA;NA;NA;Eusyllis_blomstrandi,Eusyllis_blomstrandi:199554
Otu363,0,0,0,0,0,0,0,3,0,0,0,0,0,0,0,0,0,0,0,0,0,Main genome;Eukaryota;Opisthokonta;Metazoa;Bryozoa;NA;NA;NA;NA;NA;NA,Bryozoa:10205
Otu362,0,0,0,0,0,0,0,3,0,0,0,0,0,0,0,0,0,0,0,0,0,Main genome;Eukaryota;Opisthokonta;Metazoa;Nematoda;Chromadorea;Calomicrolaimus;NA;NA;NA;NA,Calomicrolaimus:320063
Otu365,0,0,0,0,0,0,0,6,2,0,0,0,0,0,0,0,0,0,0,0,0,Main genome;Eukaryota;Archaeplastida;Chlorophyta;Ulvophyceae;Ulvales-relatives;NA;NA;NA;NA;NA,Ulvophyceae:33103
Otu364,0,0,0,0,0,0,0,5,0,0,0,0,0,0,0,0,0,0,0,0,0,Main genome;Eukaryota;Alveolata;Ciliophora;Oligohymenophorea;Peritrichia;Sessilida;NA;NA;NA;NA,Sessilida:1974272
Otu367,0,0,0,0,0,0,0,3,0,0,0,0,0,0,0,0,0,0,0,0,0,Main genome;Eukaryota;Alveolata;Ciliophora;Spirotrichea;Hypotrichia;Oxytrichidae;NA;NA;NA;NA,Oxytrichidae:57506
Otu369,0,0,0,0,0,0,0,0,3,0,0,0,0,0,0,0,0,0,0,0,0,Main genome;Eukaryota;Opisthokonta;Choanoflagellida;Choanoflagellatea;Acanthoecida;Stephanoecidae;Group;NA;NA;NA,Stephanoecidae:1158810
Otu130,0,0,0,0,0,0,0,0,14,0,0,0,0,0,0,0,0,0,0,0,0,Main genome;Eukaryota;Opisthokonta;Metazoa;Annelida;NA;NA;NA;NA;NA;NA,Annelida:6340
Otu131,0,0,0,0,0,0,0,4,14,0,0,0,0,0,0,0,0,0,0,0,0,Main genome;Eukaryota;Rhizaria;Cercozoa;NA;NA;NA;NA;NA;NA;NA,Cercozoa:136419
Otu132,0,0,0,0,0,0,0,0,0,0,0,0,0,0,7,1,17,0,11,0,3,Main genome;Eukaryota;Opisthokonta;Metazoa;Cnidaria;Hydrozoa;NA;NA;NA;NA;NA,Hydrozoa:6074
Otu133,0,0,0,0,0,0,0,0,0,0,0,0,0,0,0,0,14,0,1,0,0,Main genome;Eukaryota;Alveolata;Apicomplexa;Gregarinomorphea;Eugregarinorida;NA;NA;NA;NA;NA,Eugregarinorida:35087
Otu134,0,0,0,0,0,0,0,0,0,0,0,0,0,0,0,0,20,0,0,0,0,Main genome;Eukaryota;NA;NA;NA;NA;NA;NA;NA;NA;NA,Eukaryota:2759
Otu136,13,10,0,0,0,0,0,0,0,0,0,0,0,0,0,0,0,0,0,0,0,Main genome;Eukaryota;Archaeplastida;Prasinodermophyta;Prasinodermophyceae;Prasinodermales;Prasinodermaceae;Prasinoderma;NA;NA;NA,Prasinoderma:156132
Otu137,0,13,0,0,0,0,0,0,9,0,0,0,0,0,0,0,1,0,0,0,0,Main genome;Eukaryota;NA;NA;NA;NA;NA;NA;NA;NA;NA,Eukaryota:2759
Otu138,0,0,0,17,0,23,5,0,0,0,0,0,0,0,0,0,0,0,0,0,0,Main genome;Eukaryota;Opisthokonta;Metazoa;Porifera;Demospongiae;Halisarca;NA;NA;NA;NA,Halisarca:253171
Otu139,0,0,0,0,0,0,0,13,0,0,0,0,0,0,0,0,0,0,0,0,0,Main genome;Eukaryota;Opisthokonta;Metazoa;Arthropoda;Crustacea;Maxillopoda;Mesochra;NA;NA;NA,Mesochra:512231
Otu14,0,0,0,0,0,0,0,48,596,0,0,0,0,0,0,0,0,0,0,0,0,Main genome;Eukaryota;Opisthokonta;Metazoa;Platyhelminthes;Turbellaria;Seriata;Pentacoelum;NA;NA;NA,Pentacoelum:1070817
Otu15,0,0,0,0,0,2,0,97,827,0,0,0,0,0,0,0,0,0,0,0,0,Main genome;Eukaryota;Alveolata;Ciliophora;Oligohymenophorea;Peritrichia;Sessilida;NA;NA;NA;NA,Sessilida:1974272
Otu16,0,0,0,0,0,0,0,9,656,0,0,0,0,0,1,0,7,0,2,0,2,Main genome;Eukaryota;Alveolata;Ciliophora;Heterotrichea;Folliculinidae;NA;NA;NA;NA;NA,Folliculinidae:219170
Otu17,6,18,0,31,7,7,1,514,163,0,0,4,0,1,0,0,0,0,0,0,0,Main genome;Eukaryota;Opisthokonta;Metazoa;Mollusca;Bivalvia;Mytiloida;NA;NA;NA;NA,Mytiloida:6546
Otu10,24,0,6,0,0,0,0,66,919,0,1,0,0,0,2,0,522,0,529,0,107,Main genome;Eukaryota;Opisthokonta;Metazoa;Mollusca;Gastropoda;Neritopsina;NA;NA;NA;NA,Neritopsina:119397
Otu11,0,0,0,0,0,0,0,46,919,0,1,0,0,0,0,0,6,0,1,0,0,Main genome;Eukaryota;Opisthokonta;Metazoa;Arthropoda;Crustacea;Maxillopoda;Paramenophia;NA;NA;NA,Paramenophia:512235
Otu12,0,0,0,0,0,0,0,277,715,0,1,0,0,0,0,0,1,0,0,0,0,Main genome;Eukaryota;Opisthokonta;Metazoa;Annelida;NA;NA;NA;NA;NA;NA,Annelida:6340
Otu13,23,0,0,0,0,0,0,5,673,0,1,0,0,0,0,0,2,0,28,0,1,Main genome;Eukaryota;Opisthokonta;Metazoa;Mollusca;Gastropoda;Caenogastropoda;NA;NA;NA;NA,Caenogastropoda:69555
Otu18,10,0,1,2,4,16,9,1,0,0,2,3,0,0,2,1,730,0,196,0,26,Main genome;Eukaryota;Opisthokonta;Metazoa;Annelida;NA;NA;NA;NA;NA;NA,Annelida:6340
Otu19,37,29,3,28,0,2,4,3,45,0,10,7,0,0,0,0,600,0,383,0,230,Main genome;Eukaryota;Opisthokonta;Metazoa;Urochordata;Ascidiacea;Chelyosoma;NA;NA;NA;NA,Chelyosoma:71176
Otu189,0,0,0,0,0,0,0,0,0,0,0,0,0,0,0,0,9,0,0,0,0,Main genome;Eukaryota;Rhizaria;Cercozoa;Endomyxa-Phytomyxea;Plasmodiophorida;Polymyxa-lineage;Polymyxa;NA;NA;NA,Polymyxa:41455
Otu188,0,0,0,0,0,0,0,0,0,0,0,0,0,0,0,0,11,0,0,0,0,Main genome;Eukaryota;Opisthokonta;Fungi;Chytridiomycota;Chytridiomycotina;Chytridiomycetes;NA;NA;NA;NA,Chytridiomycetes:451435
Otu185,0,0,0,0,0,0,0,7,9,0,0,0,0,0,0,0,0,0,0,0,0,Main genome;Eukaryota;Archaeplastida;Chlorophyta;Ulvophyceae;Ulvales-relatives;Ulva;NA;NA;NA;NA,Ulva:3118
Otu184,0,0,0,0,0,0,0,0,9,0,0,0,0,0,0,0,0,0,0,0,0,Main genome;Eukaryota;Opisthokonta;Metazoa;Arthropoda;Crustacea;Ostracoda;NA;NA;NA;NA,Ostracoda:6670
Otu187,0,0,0,0,0,0,0,0,9,0,0,0,0,0,0,0,0,0,0,0,0,Main genome;Eukaryota;Stramenopiles;Ochrophyta;Chrysophyceae;NA;NA;NA;NA;NA;NA,Chrysophyceae:2825
Otu186,0,0,0,0,0,0,0,0,9,0,0,0,0,0,0,0,0,0,0,0,0,Main genome;Eukaryota;Apusozoa;Apusomonadidae;Group-1;NA;NA;NA;NA;NA;NA,Apusomonadidae:172820
Otu181,0,0,0,0,0,9,0,0,0,0,0,0,0,0,0,0,0,0,0,0,0,Main genome;Eukaryota;Opisthokonta;Metazoa;Arthropoda;Crustacea;Maxillopoda;Cyclopina;NA;NA;NA,Cyclopina:938102
Otu182,0,0,0,0,0,0,0,0,9,0,0,0,0,0,0,0,0,0,0,0,0,Main genome;Eukaryota;Alveolata;Ciliophora;Litostomatea;NA;NA;NA;NA;NA;NA,Litostomatea:5988
