a834be979a75c1cb757a89c0ec3a182d5ab3e4e0_8224	Eukaryota		1.0	Arthropoda		1.0	Hexanauplia		1.0	Sessilia	g	1.0	Balanidae		1.0	Balanus		1.0	Balanus_trigonus		1.0
94a0159c27825db975ecfb22857d9e9f9afb3b75_3538	Eukaryota		1.0	Bryozoa		0.71	Gymnolaemata		0.71	Cheilostomatida	g	0.71	Candidae		0.71	Tricellaria		0.71	Tricellaria_occidentalis		0.71
92db2a54b8c860e5c9c485200307b72bde5098b4_3305	Eukaryota		1.0	Mollusca		1.0	Bivalvia		1.0	Ostreida	g	1.0	Ostreidae		1.0	Ostrea		1.0	Ostrea_stentina		1.0
7c61e93ec29ff8ff27df81541dcb588bbe266a64_2546	Eukaryota		1.0	Chordata		1.0	Ascidiacea		1.0	Stolidobranchia	g	1.0	Styelidae		1.0	Botrylloides		1.0	Botrylloides_diegensis		1.0
acc4413fdb3d19216c7d983407313405e9a1ee51_1008	Eukaryota		1.0	Bryozoa		1.0	Gymnolaemata		1.0	Cheilostomatida	g	1.0	Bugulidae		1.0	Bugula		1.0	Bugula_neritina		1.0
4d6fa5e239ac6630cf0823de21e770003f3f747f_883	Eukaryota		1.0	Cnidaria		1.0	Hydrozoa		1.0	Leptothecata	g	1.0	Campanulariidae		1.0	Campanularia		1.0	Campanularia_hincksii		1.0
563e0c2aea794d7987697d6ad6ba7bae6f885cf6_504	Eukaryota		1.0	Chordata		0.52	Actinopteri		0.23	Cypriniformes	g	0.06	Cyprinidae		0.02	Enteromius		0.01	Enteromius_pobeguini		0.01
511c7007a6238c914707d00bf365854f4f131f2a_369	Eukaryota		1.0	Arthropoda		0.8	Insecta		0.65	Diptera	g	0.13	Sepsidae		0.08	Nemopoda		0.08	Nemopoda_mamaevi		0.08
688d5e22286ab575831dfbbf494c633e58aa3e6e_324	Eukaryota		1.0	Arthropoda		1.0	Hexanauplia		1.0	Sessilia	g	1.0	Balanidae		1.0	Amphibalanus		1.0	Amphibalanus_improvisus		1.0
8fafb89f7a9921990e9030bbc4debd9f17085797_268	Eukaryota		1.0	Bryozoa		1.0	Gymnolaemata		1.0	Cheilostomatida	g	1.0	Candidae		1.0	Tricellaria		1.0	Tricellaria_occidentalis		1.0
d40e19f66e76cc54b02ae688174877657d1bdd5e_226	Eukaryota		1.0	Mollusca		1.0	Bivalvia		1.0	Ostreida	g	1.0	Ostreidae		1.0	Crassostrea		1.0	Crassostrea_gigas		1.0
47cd53df2ec6c288c7cce60da131c9d1447781e3_209	Eukaryota		1.0	Mollusca		1.0	Bivalvia		1.0	Ostreida	g	1.0	Ostreidae		1.0	Ostrea		1.0	Ostrea_edulis		0.76
e68c41bec0410ac68676cb13edfa3512e9ea92e9_207	Eukaryota		1.0	Cnidaria		1.0	Hydrozoa		1.0	Leptothecata	g	1.0	Campanulariidae		1.0	Campanularia		1.0	Campanularia_hincksii		1.0
e5975dc97da57da88ee1b47252048230cf45d547_152	Eukaryota		1.0	Rhodophyta		0.1	Florideophyceae		0.1	Halymeniales	g	0.03	Halymeniaceae		0.03	Yonagunia		0.03	Yonagunia_zollingeri		0.03
d6466063f1bfac2fe41d4c4a0a8fb558802b37d4_133	Eukaryota		1.0	Bryozoa		0.94	Gymnolaemata		0.94	Cheilostomatida	g	0.94	Candidae		0.94	Tricellaria		0.94	Tricellaria_occidentalis		0.94
3623370cef3c7fa302614df95d72d66d3125ef32_112	Eukaryota		1.0	Annelida		1.0	Polychaeta		1.0	Spionida	g	1.0	Spionidae		1.0	Polydora		1.0	Polydora_haswelli		1.0
93e0f5ca03784ba626e5d9550702dd431f700ff6_110	Eukaryota		1.0	Bryozoa		0.46	Gymnolaemata		0.46	Cheilostomatida	g	0.46	Candidae		0.43	Tricellaria		0.39	Tricellaria_occidentalis		0.39
a8af84444391b34c4399d8bab14f4b4d43c874ee_108	Eukaryota		1.0	Bryozoa		0.48	Gymnolaemata		0.48	Cheilostomatida	g	0.48	Candidae		0.46	Tricellaria		0.46	Tricellaria_occidentalis		0.46
bbf75a3e5d37c4565210b32a83b6743b2fe23de7_84	Eukaryota		1.0	Platyhelminthes		0.26	Rhabditophora		0.15	Tricladida	g	0.06	Geoplanidae		0.03	Microplana		0.03	Microplana_polyopsis		0.03
2a7dfb035093f6f867e181fc77c458db0101035a_69	Eukaryota		1.0	Arthropoda		1.0	Hexanauplia		1.0	Sessilia	g	1.0	Austrobalanidae		1.0	Austrominius		1.0	Austrominius_modestus		1.0
a4262169182eb16d9af3c1e88a9dc8289018cfc0_56	Eukaryota		1.0	Bryozoa		0.82	Gymnolaemata		0.82	Cheilostomatida	g	0.82	Candidae		0.82	Tricellaria		0.82	Tricellaria_occidentalis		0.82
584bfdbb97cb98e60b18669254e6f11d0dc0bf37_51	Eukaryota		1.0	Bryozoa		0.9	Gymnolaemata		0.9	Cheilostomatida	g	0.9	Candidae		0.9	Tricellaria		0.9	Tricellaria_occidentalis		0.9
d9871a52f7a53a9aba1e67703987cbfbf17b4754_40	Eukaryota		1.0	Arthropoda		0.69	Insecta		0.65	Diptera	g	0.18	Tipulidae		0.0	Tipula		0.0	Tipula_fascipennis		0.0
33da948d5921884c0aeb393e2b5c64a8041c776f_34	Eukaryota		1.0	Annelida		1.0	Polychaeta		1.0	Dinophilidae	g	1.0	Dinophilidae		1.0	Dinophilus		1.0	Dinophilus_vorticoides		1.0
ad5935391356589596d1ba0996d32c0b52de5860_33	Eukaryota		1.0	Nemertea		1.0	Enopla		1.0	Monostilifera	g	1.0	Emplectonematidae		1.0	Emplectonema		1.0	Emplectonema_gracile		1.0
6f1f21de48bf837ee4e61cc2c63ecae2513d4f36_32	Eukaryota		1.0	Arthropoda		0.69	Insecta		0.43	Coleoptera	g	0.08	Elateridae		0.01	Pectocera		0.01	Pectocera_yaeyamana		0.01
39a1431b46ce3b64b976360c899d263328b00b5a_31	Eukaryota		1.0	Bacillariophyta		0.05	Coscinodiscophyceae		0.05	Thalassiosirales	g	0.05	Thalassiosiraceae		0.05	Thalassiosira		0.05	Thalassiosira_curviseriata		0.05
5a4a66a86008ee2f3d959b731fa2b0cac264c189_28	Eukaryota		1.0	Annelida		0.9	Polychaeta		0.9	Phyllodocida	g	0.9	Hesionidae		0.9	Syllidia		0.89	Syllidia_armata		0.89
c67191ba9616aa5d33cae90de575011a9f52390c_27	Eukaryota		1.0	Bryozoa		0.92	Gymnolaemata		0.92	Cheilostomatida	g	0.92	Candidae		0.92	Tricellaria		0.92	Tricellaria_occidentalis		0.92
166ecee1e8d78e96eec1a315ec6d74963e1d357f_26	Eukaryota		1.0	Chordata		0.17	Amphibia		0.05	Caudata	g	0.04	Hynobiidae		0.03	Hynobius		0.03	Hynobius_kimurae		0.03
ce205311cc99daa7f97ef53527e1e3bd1b48ceaf_25	Eukaryota		1.0	Annelida		1.0	Polychaeta		1.0	Terebellida	g	1.0	Terebellidae		1.0	Nicolea		1.0	Nicolea_zostericola		1.0
18a0980a48b7085bd2de3f7ffa89f779df9a6ef1_24	Eukaryota		1.0	Chordata		0.23	Lepidosauria		0.04	Squamata	g	0.04	Scincidae		0.01	Paracontias		0.01	Paracontias_hildebrandti		0.01
317cf9eb20f0cb291e644516c28271b545074f42_23	Eukaryota		1.0	Arthropoda		0.24	Insecta		0.21	Archaeognatha	g	0.08	Meinertellidae		0.08	Nesomachilis		0.08	Nesomachilis_australica		0.08
08d0037a4009afd030251986ed6ba94e9fd1da2e_22	Eukaryota		1.0	Bryozoa		1.0	Gymnolaemata		1.0	Cheilostomatida	g	1.0	Cribrilinidae		1.0	Cribrilina		1.0	Cribrilina_mutabilis		1.0
342bb050428b4fa9f1b9a40531ae67a9335e14a9_22	Eukaryota		1.0	Annelida		0.56	Polychaeta		0.46	Terebellida	g	0.42	Terebellidae		0.41	Lanassa		0.16	Lanassa_venusta		0.16
a2ff91ae83b266521461fb0185281aaa5e963cba_22	Eukaryota		1.0	Cnidaria		1.0	Hydrozoa		1.0	Anthoathecata	g	1.0	Bougainvilliidae		1.0	Bougainvillia		1.0	Bougainvillia_muscus		1.0
8a6aaec2f0803106613df91ee79911ada3f9cfb4_21	Eukaryota		1.0	Cnidaria		1.0	Hydrozoa		1.0	Leptothecata	g	1.0	Obeliidae		1.0	Obelia		1.0	Obelia_longissima		1.0
208d59404e6f72aa20ca9ba1e4fb4ddea5bfbc11_20	Eukaryota		1.0	Arthropoda		0.21	Arachnida		0.04	Araneae	g	0.03	Araneidae		0.0	Larinia		0.0	Larinia_jeskovi		0.0
70e24320d41fbcf7da684cebc8bdf7eb8caf0335_19	Eukaryota		1.0	Bacillariophyta		0.63	Coscinodiscophyceae		0.61	Thalassiosirales	g	0.61	Stephanodiscaceae		0.37	Stephanodiscus		0.24	Stephanodiscus_meyeri		0.03
e1025484213fa24992c9f8301ed64d0ef8c6c71b_19	Eukaryota		1.0	Chordata		1.0	Actinopteri		1.0	Gobiiformes	g	1.0	Gobiidae		1.0	Gobiusculus		1.0	Gobiusculus_flavescens		1.0
3f9f1a1b12e1ca4d2cf0712cd0aa596a9fa1d0e2_18	Eukaryota		1.0	Basidiomycota		0.08	Malasseziomycetes		0.06	Malasseziales	g	0.06	Malasseziaceae		0.06	Malassezia		0.06	Malassezia_slooffiae		0.06
6076a3815e5a8a967f853e95c6b6380d310340cd_18	Eukaryota		1.0	Bryozoa		1.0	Gymnolaemata		1.0	Cheilostomatida	g	1.0	Cryptosulidae		1.0	Cryptosula		1.0	Cryptosula_pallasiana		1.0
f1a5cf8761a898dc5b06e5bccf87b7af70ec690d_18	Eukaryota		1.0	Cnidaria		0.94	Hydrozoa		0.94	Leptothecata	g	0.49	Campanulariidae		0.26	Orthopyxis		0.21	Orthopyxis_integra		0.2
7b416e148d2058555922b193faaf9dce3d6d5cc7_17	Eukaryota		1.0	Porifera		1.0	Demospongiae		1.0	Dendroceratida	g	1.0	Dictyodendrillidae		0.88	Igernella		0.88	Igernella_notabilis		0.88
95f26b601020d94e863656ce95785f8317d6bb96_17	Eukaryota		1.0	Ectocarpales		0.15	Phaeophyceae_16		0.15	Ectocarpales	g	0.15	Chordariaceae		0.11	Mesogloia		0.09	Mesogloia_ikomae		0.07
d784daa35029be9479579596a6cd6821afdc8245_17	Eukaryota		1.0	Arthropoda		1.0	Hexanauplia		1.0	Sessilia	g	1.0	Balanidae		1.0	Amphibalanus		1.0	Amphibalanus_eburneus		1.0
3695b219aa8eff0bc61b1eb1409e9cdf6a9a7bc3_16	Eukaryota		1.0	Arthropoda		0.77	Hexanauplia		0.28	Poecilostomatoida	g	0.11	Lichomolgidae		0.08	Herrmannella		0.08	Herrmannella_hoonsooi		0.08
6cc2219a0f66822b1ada491e96eafd953a0f7269_16	Eukaryota		1.0	Arthropoda		1.0	Hexanauplia		1.0	Sessilia	g	1.0	Balanidae		1.0	Balanus		1.0	Balanus_balanus		0.91
016408ced6c21b9ca5d8f3e07232a15478abbe5f_15	Eukaryota		1.0	Dictyotales		0.07	Phaeophyceae_2		0.07	Dictyotales	g	0.07	Dictyotaceae		0.07	Dictyopteris		0.05	Dictyopteris_divaricata		0.05
0a92037982d1a6ece064c2f5e0f480ded154bf1b_14	Eukaryota		1.0	Annelida		1.0	Polychaeta		1.0	Phyllodocida	g	1.0	Syllidae		1.0	Myrianida		1.0	Myrianida_convoluta		1.0
7b45460ab85503fa3a1cbb8aae03473646d71d9f_13	Eukaryota		1.0	Chlorophyta		0.11	Trebouxiophyceae		0.06	Chlorellales	g	0.06	Chlorellaceae		0.06	Chlorella		0.06	Chlorella_heliozoae		0.06
0737dab89f1dec0b40ba663ff3f0a77f413cf1ea_12	Eukaryota		1.0	Cnidaria		1.0	Hydrozoa		1.0	Leptothecata	g	1.0	Clytiidae		1.0	Clytia		1.0	Clytia_hemisphaerica		0.57
106518aacceecdceb5b3a07369d496f3176d0c88_12	Eukaryota		1.0	Basidiomycota		0.01	Tremellomycetes		0.01	Tremellales	g	0.01	Bulleribasidiaceae		0.01	Hannaella		0.01	Hannaella_oryzae		0.01
55567b6d7ba25851c5e776e37878ed1edc2911f0_12	Eukaryota		1.0	Platyhelminthes		0.34	Rhabditophora		0.3	Polycladida	g	0.29	Euplanidae		0.11	Euplana		0.11	Euplana_gracilis		0.11
5ba847a8f599e84c00d961b9f5877e9ed7deba5d_12	Eukaryota		1.0	Jakobida		0.08	Jakobida		0.08	Jakobida	g	0.08	Histionidae		0.05	Histiona		0.05	Histiona_aroides		0.05
5bf628ac4fba228a03d81385a0527c21a50fa83c_12	Eukaryota		1.0	Cnidaria		1.0	Anthozoa		1.0	Actiniaria	g	1.0	Sagartiidae		0.46	Sagartiogeton		0.46	Sagartiogeton_laceratus		0.46
9dfab3f1aff702f595e861079c3b68c91fa63e5c_12	Eukaryota		1.0	Arthropoda		0.53	Insecta		0.48	Hemiptera	g	0.29	Reduviidae		0.13	Triatoma		0.13	Triatoma_migrans		0.12
05b1cf4e28a192e03312b163914aad6ee6b2016d_11	Eukaryota		1.0	Chordata		0.17	Mammalia		0.08	Carnivora	g	0.03	Viverridae		0.03	Paradoxurus		0.03	Paradoxurus_jerdoni		0.03
0c6d0563051096db77996996c0a64e2e98945405_11	Eukaryota		1.0	Annelida		1.0	Polychaeta		1.0	Spionida	g	1.0	Spionidae		1.0	Polydora		1.0	Polydora_websteri		1.0
32483fb4c1cfb650e74ebd74b9272c4b3d160a69_11	Eukaryota		1.0	Ascomycota		0.04	Saccharomycetes		0.04	Saccharomycetales	g	0.04	Saccharomycetaceae		0.03	Torulaspora		0.02	Torulaspora_franciscae		0.02
7bb9a2005c9cb37888b0847a0e9636e34c1de988_11	Eukaryota		1.0	Bacillariophyta		0.37	Bacillariophyceae		0.13	Naviculales	g	0.11	Naviculaceae		0.09	Navicula		0.06	Navicula_ramosissima		0.06
462602989fe95b133b4df076722c6038946841e5_10	Eukaryota		1.0	Annelida		1.0	Polychaeta		1.0	Terebellida	g	1.0	Terebellidae		1.0	Terebella		1.0	Terebella_lapidaria		1.0
896ef3a90f71d3ad6a2c74adb81b64d5984fb96c_10	Eukaryota		1.0	Chlorophyta		0.1	Ulvophyceae		0.09	Bryopsidales	g	0.09	Bryopsidaceae		0.08	Bryopsis		0.08	Bryopsis_plumosa		0.08
cbb59af13dd16cc520501efce935d53615db5888_10	Eukaryota		1.0	Mollusca		1.0	Gastropoda		1.0	Nudibranchia	g	1.0	Onchidorididae		1.0	Onchidoris		1.0	Onchidoris_muricata		1.0
30cb5351f9915ceb44eec778e5427f5670c49e88_9	Eukaryota		1.0	Annelida		1.0	Polychaeta		1.0	Dinophilidae	g	1.0	Dinophilidae		1.0	Dimorphilus		1.0	Dimorphilus_gyrociliatus		1.0
b81c45fb8d38b2b3283083a33553cd1745500cb2_9	Eukaryota		1.0	Porifera		1.0	Homoscleromorpha		1.0	Homosclerophorida	g	1.0	Oscarellidae		1.0	Oscarella		1.0	Oscarella_tuberculata		1.0
10f12e7e78d9e2032c6f0a32ed8b22dc55a985fc_8	Eukaryota		1.0	Porifera		1.0	Demospongiae		1.0	Suberitida	g	1.0	Suberitidae		1.0	Protosuberites		1.0	Protosuberites_denhartogi		1.0
1aa8b214cb26299ccd6f23a8ed60bec08408cdd5_8	Eukaryota		1.0	Annelida		1.0	Polychaeta		1.0	Sabellida	g	1.0	Sabellariidae		1.0	Sabellaria		1.0	Sabellaria_spinulosa		1.0
239f9e76eb61bb87c7d8e2288f11b5715a13346e_8	Eukaryota		1.0	Annelida		1.0	Polychaeta		1.0	Phyllodocida	g	1.0	Nereididae		1.0	Platynereis		1.0	Platynereis_dumerilii		1.0
95388affe2f5790a2ca6ca4cd6947d586990dea8_8	Eukaryota		1.0	Bacillariophyta		0.88	Coscinodiscophyceae		0.85	Thalassiosirales	g	0.85	Skeletonemataceae		0.68	Skeletonema		0.68	Skeletonema_subsalsum		0.4
d2e145814c36d03815b4892a7506e44f0bca4194_8	Eukaryota		1.0	Echinodermata		1.0	Asteroidea		1.0	Forcipulatida	g	1.0	Asteriidae		1.0	Asterias		1.0	Asterias_rubens		1.0
090afa5835871c4cebaaaa3902fe40155461d7b9_7	Eukaryota		1.0	Arthropoda		1.0	Malacostraca		1.0	Decapoda	g	1.0	Porcellanidae		1.0	Pisidia		1.0	Pisidia_longicornis		1.0
2cd95647f4b4ed788ff99a5985d8df9e8af244b6_7	Eukaryota		1.0	Chordata		0.21	Aves		0.07	Passeriformes	g	0.07	Ptilonorhynchidae		0.07	Sericulus		0.07	Sericulus_bakeri		0.06
33b0b3be7c5f7c54152c7927f0d8cfeab3fdbceb_7	Eukaryota		1.0	Annelida		1.0	Polychaeta		1.0	Phyllodocida	g	1.0	Hesionidae		1.0	Psamathe		1.0	Psamathe_fusca		1.0
4c45102f8028265f43bedc188e75c8cead231f99_7	Eukaryota		1.0	Jakobida		0.14	Jakobida		0.14	Jakobida	g	0.14	Histionidae		0.13	Histiona		0.13	Histiona_aroides		0.13
4dc55c32c7341b51c9e9a97d51913de09106cda8_7	Eukaryota		1.0	Chlorophyta		0.08	Chloropicophyceae		0.06	Chloropicales	g	0.06	Chloropicaceae		0.06	Chloroparvula		0.06	Chloroparvula_pacifica		0.06
739f96b932c0a4641a3dc303d24d06ba5b332f7b_7	Eukaryota		1.0	Arthropoda		0.43	Insecta		0.13	Orthoptera	g	0.01	Tetrigidae		0.01	Tuberfemurus		0.01	Tuberfemurus_torulisinotus		0.01
9fef16202b30f4d802ffec7a3ed1fa544874daed_7	Eukaryota		1.0	Bacillariophyta		0.27	Coscinodiscophyceae		0.15	Melosirales	g	0.1	Melosiraceae		0.1	Melosira		0.1	Melosira_undulata		0.1
b9b27b3887c6b5cfd037265bdd42a64d3af37704_7	Eukaryota		1.0	Arthropoda		1.0	Malacostraca		1.0	Amphipoda	g	1.0	Corophiidae		1.0	Monocorophium		1.0	Monocorophium_acherusicum		1.0
bba021ab83c4810511c40a0d36cf59b4347874b0_7	Eukaryota		1.0	Cnidaria		0.05	Anthozoa		0.05	Scleractinia	g	0.05	Caryophylliidae		0.05	Solenosmilia		0.05	Solenosmilia_variabilis		0.05
c1ffa1a77c66c5e3a18b2b6ab37ccfed1c5b3be6_7	Eukaryota		1.0	Eustigmatales		0.07	Eustigmatophyceae_2		0.07	Eustigmatales	g	0.07	Monodopsidaceae		0.07	Nannochloropsis		0.07	Nannochloropsis_granulata		0.05
e90b8d079c1cdbd88f7038cdf48ceb69cfad20d0_7	Eukaryota		1.0	Arthropoda		0.68	Hexanauplia		0.18	Harpacticoida	g	0.09	Ameiridae		0.04	Proameira		0.04	Proameira_psammophila		0.04
028c5eda3f11aa7a00e9c94b74f37f066a66feb1_6	Eukaryota		1.0	Arthropoda		0.78	Insecta		0.51	Diptera	g	0.2	Sarcophagidae		0.01	Amobia		0.0	Amobia_erythrura		0.0
05d93679186940068180f8a9044f58ed36aabdea_6	Eukaryota		1.0	Arthropoda		0.45	Insecta		0.29	Coleoptera	g	0.09	Tenebrionidae		0.02	Stenomorpha		0.01	Stenomorpha_macra		0.01
14d34e8f4c5db929e0d1836e472ddbfbc2675c84_6	Eukaryota		1.0	Jakobida		0.1	Jakobida		0.1	Jakobida	g	0.1	Histionidae		0.09	Histiona		0.09	Histiona_aroides		0.09
4918bf7f7da172f97a6845eb79e01d10e8c9b2f4_6	Eukaryota		1.0	Mollusca		0.13	Gastropoda		0.13	Acteonidae	g	0.05	Acteonidae		0.05	Pupa		0.05	Pupa_strigosa		0.05
b70546c5fba4fa44c68b06cc501c568f614b2c5f_6	Eukaryota		1.0	Mollusca		1.0	Gastropoda		1.0	Littorinimorpha	g	1.0	Hydrobiidae		1.0	Peringia		1.0	Peringia_ulvae		1.0
fee798b26a7be66849f82766978752929f51b372_6	Eukaryota		1.0	Arthropoda		0.58	Insecta		0.28	Coleoptera	g	0.1	Curculionidae		0.04	Heilipodus		0.01	Heilipodus_argentinicus		0.01
087c8aaa930bc70751ac83f705baa7035749767c_5	Eukaryota		1.0	Arthropoda		1.0	Malacostraca		1.0	Decapoda	g	1.0	Pilumnidae		1.0	Pilumnus		1.0	Pilumnus_hirtellus		1.0
3ee851f863c9b561cadc0925c8e6583809b90c62_5	Eukaryota		1.0	Parmales		0.05	Bolidophyceae		0.05	Parmales	g	0.05	Triparmaceae		0.05	Triparma		0.05	Triparma_laevis		0.05
43a90ce7e1cbecf3ef22fc713fc4a7324b2631b2_5	Eukaryota		1.0	Syndiniales		1.0	Dinophyceae_8		1.0	Syndiniales	g	1.0	Syndiniaceae		1.0	Hematodinium		1.0	Hematodinium_sp		1.0
7a71803883af72d5ed5f881552ff3c00efceeee8_5	Eukaryota		1.0	Echinodermata		0.13	Ophiuroidea		0.13	Ophiurida	g	0.12	Ophiotrichidae		0.09	Ophiothrix		0.09	Ophiothrix_armata		0.08
9813d305786405d182876bdea17a1c1047f051f3_5	Eukaryota		1.0	Chordata		0.46	Actinopteri		0.13	Kurtiformes	g	0.05	Apogonidae		0.05	Brephamia		0.05	Brephamia_parvula		0.05
9e508277702dc46c690127e0c5dc33864fbf538d_5	Eukaryota		1.0	Bacillariophyta		0.07	Mediophyceae		0.02	Triceratiales	g	0.02	Plagiogrammaceae		0.02	Psammoneis		0.02	Psammoneis_japonica		0.02
b03b35bcd4057f03b2ea29e0bdca77d728144da2_5	Eukaryota		1.0	Cnidaria		0.86	Hydrozoa		0.86	Anthoathecata	g	0.42	Corynidae		0.15	Sarsia		0.14	Sarsia_striata		0.1
d20fdc10a055e6d9fcbda4d26038259b7d171747_5	Eukaryota		1.0	Arthropoda		0.67	Insecta		0.49	Hemiptera	g	0.06	Hormaphididae		0.03	Parathoracaphis		0.03	Parathoracaphis_setigera		0.03
ebf457aecd4584a1fc4480dbb73a1506ef50aee1_5	Eukaryota		1.0	Gonyaulacales		0.05	Dinophyceae_4		0.05	Gonyaulacales	g	0.05	Gonyaulacaceae		0.05	Alexandrium		0.04	Alexandrium_fundyense		0.02
eef68c04303c85ce5e77382adf6504e17cf0e84d_5	Eukaryota		1.0	Arthropoda		0.74	Insecta		0.62	Diptera	g	0.13	Syrphidae		0.05	Graptomyza		0.04	Graptomyza_longirostris		0.04
f2486ab30b78f195d43d8a83da4387f65ae73ba7_5	Eukaryota		1.0	Arthropoda		1.0	Malacostraca		1.0	Amphipoda	g	1.0	Corophiidae		1.0	Monocorophium		1.0	Monocorophium_insidiosum		1.0
f881d387f821e2a10a6ac3a209d8f5fe41f871f7_5	Eukaryota		1.0	Rhodophyta		0.12	Florideophyceae		0.12	Gracilariales	g	0.08	Gracilariaceae		0.08	Melanthalia		0.08	Melanthalia_intermedia		0.08
10ccc17039dee864d608f3e226508927a06c8383_4	Eukaryota		1.0	Bryozoa		1.0	Gymnolaemata		1.0	Cheilostomatida	g	1.0	Bugulidae		1.0	Bugula		1.0	Bugula_neritina		1.0
19a616801f3fa9a8641a58474dba7878ae2f3a77_4	Eukaryota		1.0	Annelida		1.0	Polychaeta		1.0	Spionida	g	1.0	Spionidae		1.0	Polydora		1.0	Polydora_cornuta		1.0
28b6aecbbcb70434a361493707b3efd48641efa2_4	Eukaryota		1.0	Bacillariophyta		0.1	Coscinodiscophyceae		0.1	Thalassiosirales	g	0.1	Thalassiosiraceae		0.1	Thalassiosira		0.1	Thalassiosira_curviseriata		0.1
32e42eadd3dd51edb2f680a1cc7887a9c7e4c8ca_4	Eukaryota		1.0	Bacillariophyta		0.95	Bacillariophyceae		0.9	Bacillariales	g	0.88	Bacillariaceae		0.88	Nitzschia		0.64	Nitzschia_inconspicua		0.63
3b8dc4d74f56964b2f20c6b5d74547f9b58020d3_4	Eukaryota		1.0	Bryozoa		1.0	Gymnolaemata		1.0	Cheilostomatida	g	1.0	Watersiporidae		1.0	Watersipora		1.0	Watersipora_subtorquata		0.73
4d5a4072553b8223f42cd7e84ae6c17513d4d6a0_4	Eukaryota		1.0	Arthropoda		0.69	Insecta		0.62	Coleoptera	g	0.3	Rhagophthalmidae		0.08	Rhagophthalmus		0.08	Rhagophthalmus_lufengensis		0.08
4dd7c7ef5d8180b102f4ef35aed2bc035f07d6ed_4	Eukaryota		1.0	Dictyotales		0.11	Phaeophyceae_2		0.11	Dictyotales	g	0.11	Dictyotaceae		0.11	Dictyota		0.11	Dictyota_mertensii_sl_2_ODC		0.05
58340faa8959dc840b7c1dc042310bd99f7ef196_4	Eukaryota		1.0	Bacillariophyta		0.37	Bacillariophyceae		0.13	Naviculales	g	0.12	Amphipleuraceae		0.09	Frustulia		0.09	Frustulia_maoriana		0.07
5aca529f3dc8bb2f1f02da7b6dbd291d78f14a94_4	Eukaryota		1.0	Fucales		0.28	Phaeophyceae_5		0.28	Fucales	g	0.28	Sargassaceae		0.28	Sargassum		0.26	Sargassum_yezoense		0.14
5c4802645e825cb3b2c453fdf2cdc12f3d0a0de7_4	Eukaryota		1.0	Rhodophyta		0.24	Florideophyceae		0.24	Rhodogorgonales	g	0.06	Rhodogorgonaceae		0.06	Renouxia		0.06	Renouxia_sp		0.06
84530edfada774bd27a7abb7f6d441af9c9863a8_4	Eukaryota		1.0	Bryozoa		0.66	Gymnolaemata		0.66	Cheilostomatida	g	0.66	Candidae		0.66	Tricellaria		0.66	Tricellaria_occidentalis		0.66
b413b1caed1de1874c966e4332e5532a597dc9dc_4	Eukaryota		1.0	Bacillariophyta		0.39	Mediophyceae		0.15	Lithodesmiales	g	0.11	Lithodesmiaceae		0.11	Ditylum		0.1	Ditylum_brightwellii		0.1
c24044d7c94d47ca86c805782e14af603c760d0d_4	Eukaryota		1.0	Arthropoda		0.96	Insecta		0.95	Diptera	g	0.53	Chironomidae		0.14	Compterosmittia		0.03	Compterosmittia_togalimea		0.03
c434d5aad1a5fac819087c99a560eab1cd62d0a3_4	Eukaryota		1.0	Cnidaria		0.25	Anthozoa		0.25	Scleractinia	g	0.25	Acroporidae		0.14	Montipora		0.06	Montipora_incrassata		0.04
cb0995d8e5bb3b933f173199544939ae2bc8f3fd_4	Eukaryota		1.0	Ascomycota		0.09	Saccharomycetes		0.05	Saccharomycetales	g	0.05	Debaryomycetaceae		0.04	Candida_2		0.04	Candida_alai		0.04
dbf4666bac4d3d8dd649c7c3f5f86cc65647f031_4	Eukaryota		1.0	Basidiomycota		0.07	Agaricomycetes		0.07	Polyporales	g	0.02	Polyporaceae		0.02	Ganoderma		0.02	Ganoderma_applanatum		0.02
e3c4ce8ec19b8a50574e1ccc39c28996c5459fd2_4	Eukaryota		1.0	Laminariales		0.16	Phaeophyceae_7		0.16	Laminariales	g	0.16	Akkesiphycaceae		0.12	Akkesiphycus		0.12	Akkesiphycus_lubricum		0.12
00c4eafe11bed92f48cb5aa74fe304b6c21235d3_3	Eukaryota		1.0	Rhodophyta		0.22	Florideophyceae		0.22	Ceramiales	g	0.17	Rhodomelaceae		0.13	Osmundaria		0.11	Osmundaria_fimbriata		0.11
07522d03c69bb1aa7f44de7880db97a78249998e_3	Eukaryota		1.0	Arthropoda		0.95	Insecta		0.78	Trichoptera	g	0.08	Philopotamidae		0.08	Chimarra		0.08	Chimarra_abacensis		0.08
08ac52a26df23aca08c8d9fdae97f30558ef9e3d_3	Eukaryota		1.0	Dictyotales		0.12	Phaeophyceae_2		0.12	Dictyotales	g	0.12	Dictyotaceae		0.12	Dictyota		0.12	Dictyota_sandvicensis		0.09
19b5c3da3b2180f4ebedc67556082b07185004f3_3	Eukaryota		1.0	Chordata		1.0	Ascidiacea		1.0	Stolidobranchia	g	1.0	Styelidae		1.0	Botrylloides		1.0	Botrylloides_diegensis		0.98
228f949edbb3c73c1af29bf935c668b85d02bf53_3	Eukaryota		1.0	Bryozoa		0.4	Gymnolaemata		0.4	Cheilostomatida	g	0.4	Cryptosulidae		0.36	Cryptosula		0.36	Cryptosula_pallasiana		0.36
2c8d52aedb27bd57b0140c23ae2546ca5baa534a_3	Eukaryota		1.0	Chordata		0.45	Actinopteri		0.34	Pleuronectiformes	g	0.12	Rhombosoleidae		0.12	Colistium		0.12	Colistium_nudipinnis		0.12
2ef1eacfd0c50e3784fe9df6194c839b3c4af245_3	Eukaryota		1.0	Bacillariophyta		0.09	Coscinodiscophyceae		0.09	Thalassiosirales	g	0.09	Thalassiosiraceae		0.09	Thalassiosira		0.09	Thalassiosira_curviseriata		0.09
35d4c569970aa32fcca0cb2ab342e6e8db146f2d_3	Eukaryota		1.0	Basidiomycota		0.09	Microbotryomycetes		0.06	Sporidiobolales	g	0.06	Sporidiobolaceae		0.06	Rhodotorula		0.06	Rhodotorula_taiwanensis		0.05
37be6c93183b08d1f22a14a32b094779443bb3bc_3	Eukaryota		1.0	Chordata		0.18	Aves		0.06	Falconiformes	g	0.05	Falconidae		0.05	Phalcoboenus		0.05	Phalcoboenus_australis		0.05
39ab861fd2ee9fe915cdcf1715217186436e061f_3	Eukaryota		1.0	Annelida		1.0	Polychaeta		1.0	Phyllodocida	g	1.0	Phyllodocidae		1.0	Pterocirrus		1.0	Pterocirrus_macroceros		1.0
3dc8111fa642feab6de9ccde4d830eebea94fb3c_3	Eukaryota		1.0	Bacillariophyta		0.19	Coscinodiscophyceae		0.19	Thalassiosirales	g	0.19	Thalassiosiraceae		0.19	Thalassiosira		0.19	Thalassiosira_curviseriata		0.19
53ea6203418146c339a3b763e13918a49a94adb5_3	Eukaryota		1.0	Chlorophyta		0.15	Ulvophyceae		0.13	Bryopsidales	g	0.1	Caulerpaceae		0.1	Caulerpa		0.1	Caulerpa_lentillifera		0.1
589a7c39632de5d0c376995cfbf4df6ce72a227f_3	Eukaryota		1.0	Laminariales		0.05	Phaeophyceae_7		0.05	Laminariales	g	0.05	Laminariaceae		0.04	Macrocystis		0.04	Macrocystis_integrifolia		0.04
771fb60671ec1275e21d4aa2d2a0960517b16166_3	Eukaryota		1.0	Arthropoda		0.86	Insecta		0.8	Hemiptera	g	0.2	Scutelleridae		0.04	Augocoris		0.02	Augocoris_gomesii		0.02
78d17e0417ad1ad35fb0201b2cd366695b891eb8_3	Eukaryota		1.0	Ascomycota		0.23	Taphrinomycetes		0.15	Taphrinales	g	0.15	Taphrinaceae		0.15	Taphrina		0.15	Taphrina_flavorubra		0.07
80c1d1ebd2c50ce2a24a1e0771a84a6ed3b52d79_3	Eukaryota		1.0	Chordata		1.0	Actinopteri		1.0	Gobiiformes	g	1.0	Gobiidae		1.0	Gobius		1.0	Gobius_niger		1.0
83d2d860ee7a3e339b40075f5eda9b1987df975c_3	Eukaryota		1.0	Nematoda		0.12	Chromadorea		0.12	Rhabditida	g	0.12	Heterakidae		0.05	Heterakis		0.05	Heterakis_dispar		0.05
843ace02910911f19ccbb6136fc3d9b489b2cc1d_3	Eukaryota		1.0	Echinodermata		0.31	Ophiuroidea		0.27	Ophiurida	g	0.21	Ophiuridae		0.05	Ophiuroglypha		0.04	Ophiuroglypha_ambigua		0.02
8d2cbb58405ea066bda32860992b99fb16134a18_3	Eukaryota		1.0	Fucales		0.18	Phaeophyceae_5		0.18	Fucales	g	0.18	Sargassaceae		0.17	Acrocarpia		0.12	Acrocarpia_paniculata		0.12
8e0cfef018d3ccc6b87488831ba66dfaa91d633f_3	Eukaryota		1.0	Platyhelminthes		0.2	Trematoda		0.12	Plagiorchiida	g	0.08	Echinochasmidae		0.05	Echinochasmus		0.05	Echinochasmus_japonicus		0.05
8e1e9564c5e9c42fdeadb59c1103de3ba4bda049_3	Eukaryota		1.0	Arthropoda		0.54	Diplopoda		0.01	Spirobolida	g	0.01	Spirobolidae		0.01	Narceus		0.01	Narceus_annularus		0.01
8ebc8036a3651a0ebdfac8eba191b7e2d525fc18_3	Eukaryota		1.0	Chordata		0.5	Actinopteri		0.22	Cypriniformes	g	0.08	Nemacheilidae		0.05	Oxynoemacheilus		0.04	Oxynoemacheilus_merga		0.04
902ad887763d15bd6f469b80f36b0c47adf317c4_3	Eukaryota		1.0	Bacillariophyta		0.84	Coscinodiscophyceae		0.83	Thalassiosirales	g	0.83	Skeletonemataceae		0.69	Skeletonema		0.69	Skeletonema_subsalsum		0.16
a021b5fdc34e988739ae1dfeb066563bc9c5b633_3	Eukaryota		1.0	Chlorophyta		0.11	Chlorophyceae		0.11	Chlamydomonadales	g	0.1	Volvocaceae		0.08	Gonium		0.03	Gonium_pectorale		0.03
a71da7926d5edb96ccbc932253afdb47dfc1c467_3	Eukaryota		1.0	Platyhelminthes		0.12	Trematoda		0.06	Diplostomida	g	0.06	Brauninidae		0.06	Braunina		0.06	Braunina_cordiformis		0.06
aedd3a7bf427300a236ce5c595c9a2740bf58909_3	Eukaryota		1.0	Bacillariophyta		0.07	Mediophyceae		0.07	Triceratiales	g	0.07	Plagiogrammaceae		0.07	Psammoneis		0.07	Psammoneis_japonica		0.07
d0ae6ba7c9075a7da3fa3413e26223b600a1befd_3	Eukaryota		1.0	Streptophyta		0.08	Charophyceae		0.0	Charales	g	0.0	Characeae		0.0	Nitella		0.0	Nitella_hyalina		0.0
df3e9bbe4aa50b3a26e645a16023fe2b151a85ce_3	Eukaryota		1.0	Arthropoda		0.46	Insecta		0.31	Hemiptera	g	0.04	Cicadidae		0.02	Atrapsalta		0.02	Atrapsalta_corticina		0.02
e46e88694591947f47fedca7248793058c81b87a_3	Eukaryota		1.0	Apicomplexa		0.13	Aconoidasida		0.11	Haemosporida	g	0.11	Plasmodiidae		0.1	Nycteria		0.09	Nycteria_gabonensis		0.08
f264f73bbd01d7aee2c200afb155d0b784811ebb_3	Eukaryota		1.0	Annelida		0.1	Polychaeta		0.1	Eunicida	g	0.09	Amphinomidae		0.09	Cryptonome		0.09	Cryptonome_barbada		0.09
f95909fe7a0cf5da23f4a981e7242e65111565d8_3	Eukaryota		1.0	Streptophyta		0.15	Pinopsida		0.1	Cupressales	g	0.06	Cupressaceae		0.06	Cupressus		0.04	Cupressus_sempervirens		0.04
ff5a51ef5ee096f56a24fa7d9800ef2994661b67_3	Eukaryota		1.0	Ascomycota		1.0	Eurotiomycetes		0.89	Eurotiales	g	0.89	Aspergillaceae		0.89	Penicillium		0.69	Penicillium_waksmanii		0.41
00c89e73b753eede3cc76209b2687c657f155037_2	Eukaryota		1.0	Arthropoda		0.83	Insecta		0.75	Blattodea	g	0.23	Termitidae		0.2	Leucopitermes		0.03	Leucopitermes_leucops		0.03
0118a8c0e9d6fad8032f7cacf94a9a588aa68e63_2	Eukaryota		1.0	Mollusca		0.11	Gastropoda		0.1	Stylommatophora	g	0.03	Microcystidae		0.0	Lamprocystis		0.0	Lamprocystis_guttula		0.0
02f051c5e3e4dab2ac204b5c08c348a4fce3b1b5_2	Eukaryota		1.0	Jakobida		0.21	Jakobida		0.21	Jakobida	g	0.21	Jakobidae		0.16	Jakoba		0.16	Jakoba_libera		0.14
031b306e27f5d24b450f83a09986f18f13b904ba_2	Eukaryota		1.0	Jakobida		0.09	Jakobida		0.09	Jakobida	g	0.09	Histionidae		0.06	Histiona		0.06	Histiona_aroides		0.06
0423429060fc245bae80df573addbfa52d98b7d0_2	Eukaryota		1.0	Chromeraceae		0.02	Chromeraceae		0.02	Chromeraceae	g	0.02	Chromeraceae		0.02	Chromera		0.02	Chromera_velia		0.02
0453317799c85476bf8b009e6b0b3a8cc7b188e2_2	Eukaryota		1.0	Ascomycota		1.0	Sordariomycetes		0.82	Hypocreales	g	0.57	Cordycipitaceae		0.24	Lecanicillium		0.17	Lecanicillium_saksenae		0.17
0456c449786a5edfa3edef60fdf5b72218ff26a0_2	Eukaryota		1.0	Annelida		1.0	Polychaeta		1.0	Phyllodocida	g	1.0	Nereididae		1.0	Nereis		1.0	Nereis_pelagica		0.95
06bf79f08395343e1d1580aae52e97d52aad615b_2	Eukaryota		1.0	Bryozoa		0.15	Gymnolaemata		0.15	Cheilostomatida	g	0.15	Candidae		0.14	Tricellaria		0.14	Tricellaria_occidentalis		0.14
0b3ae945e63cba47ee197fd59d0b9952b026d3ae_2	Eukaryota		1.0	Chordata		0.2	Actinopteri		0.13	Kurtiformes	g	0.08	Apogonidae		0.08	Brephamia		0.06	Brephamia_parvula		0.06
0fa64099c78413c0355d3684de3ea10c805b65ac_2	Eukaryota		1.0	Arthropoda		0.43	Insecta		0.31	Orthoptera	g	0.12	Acrididae		0.09	Yunnanacris		0.06	Yunnanacris_yunnaneus		0.04
0ff25fe19ddac6b49661e9429b643d2153635b3a_2	Eukaryota		1.0	Arthropoda		0.45	Insecta		0.21	Lepidoptera	g	0.03	Nymphalidae		0.01	Pedaliodes		0.01	Pedaliodes_phaedra		0.01
100f8e2ab2f545954bff3213c8cb430a03772d93_2	Eukaryota		1.0	Laminariales		0.08	Phaeophyceae_7		0.08	Laminariales	g	0.08	Laminariaceae		0.08	Laminaria		0.08	Laminaria_rodriguezii		0.06
1061ae9acf722610ab3e64fdea31f83c4cbfeb9a_2	Eukaryota		1.0	Laminariales		0.03	Phaeophyceae_7		0.03	Laminariales	g	0.03	Alariaceae		0.02	Alaria		0.02	Alaria_crassifolia		0.02
10696121d8c9f8b9668bff838196b10eadbcab34_2	Eukaryota		1.0	Mollusca		1.0	Gastropoda		1.0	Nudibranchia	g	1.0	Eubranchidae		1.0	Eubranchus		1.0	Eubranchus_exiguus		1.0
11c91cca51e74d62ac5ea77eed48a810add09b71_2	Eukaryota		1.0	Chordata		0.43	Aves		0.22	Passeriformes	g	0.2	Acanthizidae		0.12	Gerygone		0.08	Gerygone_fusca		0.07
150a37ffc933cfe556c023b4e80f7c87be9d32e4_2	Eukaryota		1.0	Annelida		0.56	Polychaeta		0.52	Phyllodocida	g	0.51	Polynoidae		0.5	Bylgides		0.21	Bylgides_promamme		0.13
15a10967a95e5cb5fc3e17e3c2026a47363756b7_2	Eukaryota		1.0	Arthropoda		0.21	Ichthyostraca		0.02	Porocephalida	g	0.02	Armilliferidae		0.02	Armillifer		0.02	Armillifer_grandis		0.02
16e76241c6cc4c0cd8f1f2332884ef2cf8bc2267_2	Eukaryota		1.0	Annelida		1.0	Polychaeta		1.0	Phyllodocida	g	1.0	Hesionidae		1.0	Nereimyra		1.0	Nereimyra_punctata		1.0
16ebd870e55182245f48c4b3f11da60161f318cd_2	Eukaryota		1.0	Arthropoda		0.59	Hexanauplia		0.27	Harpacticoida	g	0.23	Miraciidae		0.21	Sarsamphiascus		0.18	Sarsamphiascus_hawaiiensis		0.17
2428a32a658367060e4cc7a69794a858fcb4a657_2	Eukaryota		1.0	Entoprocta		0.45	Barentsiidae		0.39	Barentsiidae	g	0.39	Barentsiidae		0.39	Barentsia		0.39	Barentsia_gracilis		0.39
2459f732f8586ab5c7b8f73ff9681d84791036dd_2	Eukaryota		1.0	Arthropoda		1.0	Hexanauplia		0.95	Sessilia	g	0.95	Balanidae		0.94	Perforatus		0.94	Perforatus_perforatus		0.94
24692810d99a3e4bea4f93e5ef498c750eef8e5d_2	Eukaryota		1.0	Annelida		1.0	Polychaeta		1.0	Phyllodocida	g	1.0	Syllidae		1.0	Myrianida		1.0	Myrianida_prolifera		1.0
2c62dcdd76599a5d12e57cd79041a00ed3231230_2	Eukaryota		1.0	Arthropoda		1.0	Insecta		1.0	Diptera	g	1.0	Chironomidae		1.0	Paratanytarsus		1.0	Paratanytarsus_inopertus		1.0
2c8e53c36e807d8b78da7ff1e0d7b36afdc1b125_2	Eukaryota		1.0	Chlorophyta		0.06	Chloropicophyceae		0.03	Chloropicales	g	0.03	Chloropicaceae		0.03	Chloropicon		0.03	Chloropicon_mariensis		0.03
2cb110fca659bc399946d9c9a0aec5207ff4e5ff_2	Eukaryota		1.0	Parmales		0.09	Bolidophyceae		0.09	Parmales	g	0.09	Triparmaceae		0.09	Triparma		0.09	Triparma_laevis		0.09
2cc425780a189eac3ba8ea89b447ad289776d066_2	Eukaryota		1.0	Arthropoda		0.96	Insecta		0.72	Diptera	g	0.21	Limoniidae		0.02	Rhipidia		0.02	Rhipidia_chenwenyoungi		0.02
31177abb1766b3581454ae3f8c1ee02d7cd6cd51_2	Eukaryota		1.0	Bacillariophyta		0.88	Coscinodiscophyceae		0.87	Thalassiosirales	g	0.87	Skeletonemataceae		0.27	Skeletonema		0.27	Skeletonema_pseudocostatum		0.11
32c08dc7bb9ab82e1f0b7b74dc9da9165058a6d5_2	Eukaryota		1.0	Cnidaria		0.2	Anthozoa		0.2	Scleractinia	g	0.11	Pocilloporidae		0.03	Madracis		0.03	Madracis_decactis		0.03
33f4530ab4b01d845bef322a7a6dcc27ebd8d4ac_2	Eukaryota		1.0	Ascomycota		0.17	Saccharomycetes		0.06	Saccharomycetales	g	0.06	Saccharomycetaceae		0.03	Nakaseomyces		0.02	Nakaseomyces_bacillisporus		0.02
345136d94c3ba831c5b227aa10ea30ed61b1499d_2	Eukaryota		1.0	Chlorophyta		1.0	Chloropicophyceae		1.0	Chloropicales	g	1.0	Chloropicaceae		1.0	Chloropicon		1.0	Chloropicon_laureae		1.0
3483616e4590d8ce9653da0a15b23b0f6b7bb1af_2	Eukaryota		1.0	Chlorophyta		1.0	Chloropicophyceae		1.0	Chloropicales	g	1.0	Chloropicaceae		1.0	Chloroparvula		1.0	Chloroparvula_pacifica		1.0
3bb98974dcf8cd23de104f7398070e6053af88b7_2	Eukaryota		1.0	Mollusca		0.09	Gastropoda		0.09	Stylommatophora	g	0.04	Microcystidae		0.02	Lamprocystis		0.02	Lamprocystis_guttula		0.02
45dae5ac78b70af5a30ae96a622d86f9b3c7ab3c_2	Eukaryota		1.0	Eustigmatales		0.1	Eustigmatophyceae_2		0.1	Eustigmatales	g	0.1	Monodopsidaceae		0.1	Nannochloropsis		0.1	Nannochloropsis_limnetica		0.09
467a69f85968c462f1079fa1bf534fbe4917cd68_2	Eukaryota		1.0	Mollusca		1.0	Bivalvia		1.0	Mytiloida	g	1.0	Mytilidae		1.0	Mytilus		1.0	Mytilus_edulis		1.0
4911912f6323b44dc67084cc22e7ca779157b5e1_2	Eukaryota		1.0	Annelida		0.54	Clitellata		0.12	Haplotaxida	g	0.11	Hormogastridae		0.08	Hormogaster		0.08	Hormogaster_gallica		0.08
49af564def6941c5c7081e6348ec8126198b5add_2	Eukaryota		1.0	Porifera		1.0	Demospongiae		1.0	Dendroceratida	g	1.0	Dictyodendrillidae		0.55	Igernella		0.55	Igernella_notabilis		0.55
4ac645fd13617d52179ad919426a787f1312afe9_2	Eukaryota		1.0	Rhodophyta		0.14	Florideophyceae		0.13	Ceramiales	g	0.08	Rhodomelaceae		0.07	Gredgaria		0.05	Gredgaria_maugeana		0.05
4b810088880570bd781c15883d6c2e3f1ba6b79d_2	Eukaryota		1.0	Chordata		0.45	Actinopteri		0.16	Trachichthyiformes	g	0.02	Diretmidae		0.02	Diretmoides		0.02	Diretmoides_veriginae		0.02
4e0221424323d75e1b2666ff2c56ebdfebe8a696_2	Eukaryota		1.0	Chordata		0.32	Actinopteri		0.19	Cypriniformes	g	0.03	Cyprinidae		0.01	Sinocyclocheilus		0.01	Sinocyclocheilus_multipunctatus		0.01
4e359bf8e9e776a187c5a5b97212c1ceacfb06f9_2	Eukaryota		1.0	Porifera		0.06	Demospongiae		0.06	Chondrillida	g	0.06	Chondrillidae		0.06	Chondrilla		0.06	Chondrilla_mixta		0.06
4e8638427e0f83ca504d0e0ca0dceb10eaa8f102_2	Eukaryota		1.0	Eustigmatales		0.1	Eustigmatophyceae_2		0.1	Eustigmatales	g	0.1	Monodopsidaceae		0.1	Nannochloropsis		0.1	Nannochloropsis_limnetica		0.06
549b2c507d38be687b3cfddf198483c499c59cb5_2	Eukaryota		1.0	Annelida		1.0	Clitellata		1.0	Haplotaxida	g	1.0	Naididae		1.0	Nais		1.0	Nais_elinguis		1.0
5b2c6f2b1d0d14d8d7a8c84c4b5c5e83a4569a95_2	Eukaryota		1.0	Rhodophyta		0.01	Florideophyceae		0.01	Gracilariales	g	0.01	Gracilariaceae		0.01	Gracilaria		0.01	Gracilaria_spinulosa		0.01
5e2ab356d3b50a2ae11b3ac869611ef1e9b0dd11_2	Eukaryota		1.0	Arthropoda		0.68	Hexanauplia		0.23	Calanoida	g	0.11	Spinocalanidae		0.05	Spinocalanus		0.05	Spinocalanus_angusticeps		0.05
60c5a09b69157d02a5397b671cf942d992c50a17_2	Eukaryota		1.0	Fucales		0.13	Phaeophyceae_5		0.13	Fucales	g	0.13	Sargassaceae		0.13	Sargassum		0.13	Sargassum_patens		0.09
6117e0ab77df12e982a5063fd6ccea395edc7506_2	Eukaryota		1.0	Chlorophyta		0.09	Chlorophyceae		0.09	Sphaeropleales	g	0.08	Hydrodictyaceae		0.04	Lacunastrum		0.04	Lacunastrum_gracillimum		0.04
61de63098d494b58d84a41d00d17c29f4e58b565_2	Eukaryota		1.0	Ectocarpales		0.08	Phaeophyceae_16		0.08	Ectocarpales	g	0.08	Chordariaceae		0.08	Nemacystus		0.03	Nemacystus_decipiens		0.03
635cbcc3d12f715e52f9ef46b1d6aa87fba284d6_2	Eukaryota		1.0	Mollusca		0.95	Bivalvia		0.93	Ostreida	g	0.93	Ostreidae		0.93	Dendostrea		0.86	Dendostrea_crenulifera		0.84
66bb1ea631cbb7fa6fce48d0001d4b7c478cfd3c_2	Eukaryota		1.0	Rhodophyta		0.26	Florideophyceae		0.24	Ceramiales	g	0.2	Delesseriaceae		0.16	Membranoptera		0.14	Membranoptera_weeksiae		0.07
670589fc219f83fa47ec2e29d9c566769a97f96a_2	Eukaryota		1.0	Arthropoda		0.45	Arachnida		0.14	Sarcoptiformes	g	0.08	Proctophyllodidae		0.04	Rhamphocaulus		0.01	Rhamphocaulus_vachoni		0.01
691dbb4d6f4f695382d9ec70205587398e31ae04_2	Eukaryota		1.0	Peronosporales		0.21	Oomycota_8		0.21	Peronosporales	g	0.21	Peronosporaceae		0.21	Plasmopara		0.07	Plasmopara_viticola		0.07
6fb43fc99d50dbbee604c970b304743140294aef_2	Eukaryota		1.0	Chordata		0.47	Aves		0.3	Passeriformes	g	0.26	Sturnidae		0.08	Streptocitta		0.03	Streptocitta_albicollis		0.03
741d5bcd308edba73834e37df929b6b78c5a9b29_2	Eukaryota		1.0	Annelida		0.63	Polychaeta		0.55	Terebellida	g	0.46	Terebellidae		0.45	Neoamphitrite		0.38	Neoamphitrite_robusta_CMC02		0.3
7dae479c9ee9fc2eb60c961e95f9c1fbc86ddad3_2	Eukaryota		1.0	Rhodophyta		0.19	Florideophyceae		0.19	Halymeniales	g	0.04	Halymeniaceae		0.04	Polyopes		0.04	Polyopes_tenuis		0.04
7e995c7e89e5773d5e3ac41b71d750dc995b12ab_2	Eukaryota		1.0	Bacillariophyta		0.41	Bacillariophyceae		0.39	Naviculales	g	0.22	Amphipleuraceae		0.09	Frustulia		0.09	Frustulia_vulgaris		0.09
8331ece31a6abcd95e52cc8a5bcb124de5084ff2_2	Eukaryota		1.0	Chordata		0.22	Mammalia		0.14	Rodentia	g	0.1	Sciuridae		0.1	Sciurus		0.1	Sciurus_colliaei		0.07
878cde6db67bd91fc5d17976d1b008696600d953_2	Eukaryota		1.0	Annelida		0.04	Polychaeta		0.04	Phyllodocida	g	0.04	Phyllodocidae		0.04	Bergstroemia		0.04	Bergstroemia_nigrimaculata		0.04
948af43284414e37bf8f21d1fd8afd6dd5564441_2	Eukaryota		1.0	Bacillariophyta		0.16	Coscinodiscophyceae		0.16	Thalassiosirales	g	0.16	Thalassiosiraceae		0.16	Thalassiosira		0.16	Thalassiosira_curviseriata		0.16
967871415c5047801ee4267b5347c7f8e57f4361_2	Eukaryota		1.0	Laminariales		0.0	Phaeophyceae_7		0.0	Laminariales	g	0.0	Laminariaceae		0.0	Laminaria		0.0	Laminaria_rodriguezii		0.0
96929a37b8cdd074f8e6637615e2efd94dda5eb8_2	Eukaryota		1.0	Mollusca		1.0	Bivalvia		1.0	Veneroida	g	1.0	Montacutidae		1.0	Kurtiella		1.0	Kurtiella_bidentata		1.0
9869d9001a223de7d655100b4961e1916bbd2900_2	Eukaryota		1.0	Cnidaria		0.09	Anthozoa		0.07	Alcyonacea	g	0.02	Acanthogorgiidae		0.01	Calicogorgia		0.01	Calicogorgia_granulosa		0.01
9b52e3383b4756b13be40f2bdbf5b15bd161a72f_2	Eukaryota		1.0	Annelida		0.5	Polychaeta		0.49	Phyllodocida	g	0.48	Syllidae		0.48	Syllis		0.33	Syllis_monilata		0.25
a2debe87a6da1c55d8cc9521c765cc4a770dd917_2	Eukaryota		1.0	Basidiomycota		0.07	Malasseziomycetes		0.05	Malasseziales	g	0.05	Malasseziaceae		0.05	Malassezia		0.05	Malassezia_japonica		0.05
a396616e2f154e949bd8498a8a8be90c2c66427b_2	Eukaryota		1.0	Annelida		0.38	Polychaeta		0.38	Phyllodocida	g	0.38	Phyllodocidae		0.38	Phyllodoce		0.23	Phyllodoce_madeirensis		0.18
a55a29a74437041ca8fa73d31ac55a24c4818c3c_2	Eukaryota		1.0	Chordata		0.24	Actinopteri		0.1	Cypriniformes	g	0.01	Cyprinidae		0.0	Carassius		0.0	Carassius_auratus_x_Megalobrama_amblycephala_x_Carassius_cuvieri		0.0
a619e3900a737f248ab285de6fa104f1b238bf4d_2	Eukaryota		1.0	Bacillariophyta		1.0	Bacillariophyceae		1.0	Bacillariales	g	1.0	Bacillariaceae		1.0	Cylindrotheca		1.0	Cylindrotheca_closterium		1.0
ad59e3457878ff4f1d8b3229c5f5ad82eed94b65_2	Eukaryota		1.0	Bryozoa		0.29	Gymnolaemata		0.29	Ctenostomatida	g	0.28	Vesiculariidae		0.28	Amathia		0.28	Amathia_tertia		0.19
b119f5d8cc1171140bac5ebeaab23f6d75fb75d6_2	Eukaryota		1.0	Jakobida		0.05	Jakobida		0.05	Jakobida	g	0.05	Histionidae		0.05	Histiona		0.05	Histiona_aroides		0.05
b22fe212d6d895e0e6d856a0ceb5ffc16c7d16bf_2	Eukaryota		1.0	Bacillariophyta		0.11	Coscinodiscophyceae		0.11	Thalassiosirales	g	0.11	Thalassiosiraceae		0.11	Thalassiosira		0.11	Thalassiosira_curviseriata		0.11
b2d78ac004da37c5efb1ec645866b463887302d6_2	Eukaryota		1.0	Arthropoda		0.61	Hexanauplia		0.24	Harpacticoida	g	0.15	Ameiridae		0.03	Proameira		0.03	Proameira_psammophila		0.03
b7d68a11638c4b6b6c980ca8c0f9e0ec889272e8_2	Eukaryota		1.0	Ochromonadales		0.08	Synurophyceae_1		0.08	Ochromonadales	g	0.08	Ochromonadaceae		0.08	Cornospumella		0.08	Cornospumella_fuschlensis		0.08
b8d8b4d791035cc60ce444f33ddd72f0ad968d93_2	Eukaryota		1.0	Ascomycota		0.86	Sordariomycetes		0.86	Hypocreales	g	0.86	Ophiocordycipitaceae		0.74	Purpureocillium		0.42	Purpureocillium_lilacinum		0.42
be440871751f66ebc03a4fa1ca7097f63c75ed91_2	Eukaryota		1.0	Cnidaria		0.91	Hydrozoa		0.91	Siphonophorae	g	0.12	Apolemiidae		0.11	Apolemia		0.11	Apolemia_rubriversa		0.03
c1d0e1b7a07cc44c0734f7715115f3b35f3536bc_2	Eukaryota		1.0	Arthropoda		0.79	Insecta		0.41	Hemiptera	g	0.13	Cicadidae		0.09	Zammara		0.06	Zammara_smaragdina		0.06
c64a2553fbd34da7b86923b62caa8eebf429dc03_2	Eukaryota		1.0	Annelida		1.0	Polychaeta		1.0	Phyllodocida	g	1.0	Phyllodocidae		1.0	Eumida		1.0	Eumida_maia		1.0
c7812e3c8d8ca36f94e19985997b5beda521abfe_2	Eukaryota		1.0	Ascomycota		0.29	Eurotiomycetes		0.15	Onygenales	g	0.12	Arthrodermataceae		0.12	Arthroderma		0.12	Arthroderma_uncinatum		0.12
d4cccf40e4dac2f2c03692ce2e7d952aa8df9bd9_2	Eukaryota		1.0	Jakobida		0.03	Jakobida		0.03	Jakobida	g	0.03	Jakobidae		0.01	Jakoba		0.01	Jakoba_bahamiensis		0.01
d67e8737989abca86fcd7f0bddc85d19065fe87d_2	Eukaryota		1.0	Rhodophyta		0.09	Florideophyceae		0.09	Gelidiales	g	0.06	Gelidiaceae		0.06	Ptilophora_1		0.06	Ptilophora_wilsonii		0.06
d6fdc033ade02429fbfdbdf0d53f0559da6f705e_2	Eukaryota		1.0	Jakobida		0.34	Jakobida		0.34	Jakobida	g	0.34	Histionidae		0.33	Histiona		0.33	Histiona_aroides		0.33
d70350f571d8ad2183f266473f164d99e20d2e69_2	Eukaryota		1.0	Platyhelminthes		0.1	Monogenea		0.06	Gyrodactylidea	g	0.04	Gyrodactylidae		0.04	Macrogyrodactylus		0.03	Macrogyrodactylus_karibae		0.03
d7d88532663ba4c4c51ea22ddaf65afa1a554fe0_2	Eukaryota		1.0	Arthropoda		0.5	Insecta		0.42	Hemiptera	g	0.1	Cicadidae		0.05	Mogannia		0.01	Mogannia_minuta		0.01
d87fbf82d9a800cb3db39dcecdef67a1d8978bf6_2	Eukaryota		1.0	Tribonematales		0.08	Xanthophyceae_1		0.08	Tribonematales	g	0.08	Tribonemataceae		0.08	Tribonema		0.08	Tribonema_marinum		0.08
e98cfc0db1cc96c32540eacc591eea9433272232_2	Eukaryota		1.0	Entoprocta		0.06	Loxosomatidae		0.06	Loxosomatidae	g	0.06	Loxosomatidae		0.06	Loxocorone		0.06	Loxocorone_allax		0.06
f11714ee9f0efcd04c46009175923307bd76e03d_2	Eukaryota		1.0	Dictyotales		0.07	Phaeophyceae_2		0.07	Dictyotales	g	0.07	Dictyotaceae		0.07	Dictyota		0.07	Dictyota_grossedentata		0.07
ff045a0910b9df10bd238d7b7306a9ce62d80493_2	Eukaryota		1.0	Ectocarpales		0.05	Phaeophyceae_16		0.05	Ectocarpales	g	0.05	Chordariaceae		0.05	Nemacystus		0.03	Nemacystus_decipiens		0.03
009496b7e3c355e8eb3961e079d52ab5fb31ef53_1	Eukaryota		1.0	Arthropoda		0.64	Arachnida		0.16	Araneae	g	0.13	Linyphiidae		0.03	Syedra		0.02	Syedra_oii		0.02
017d126017a9d9a0753363d83552a84eded37589_1	Eukaryota		1.0	Arthropoda		0.2	Insecta		0.13	Hemiptera	g	0.05	Tingidae		0.02	Metasalis		0.02	Metasalis_populi		0.02
02233928eabc48f3ddd8a1841864c7acbaafdea9_1	Eukaryota		1.0	Haptista		1.0	Haptophyta		1.0	Isochrysidales	g	1.0	Noelaerhabdaceae		1.0	Emiliania		1.0	Emiliania_huxleyi		1.0
023c273f45b029a4ed3fbe29746b0ed7916ef794_1	Eukaryota		1.0	Fucales		0.17	Phaeophyceae_5		0.17	Fucales	g	0.17	Sargassaceae		0.17	Sargassum		0.16	Sargassum_yezoense		0.04
02fc22290bf078044cb9dc946d3c24f63e8c0e1e_1	Eukaryota		1.0	Chlorophyta		0.96	Palmophyllophyceae		0.96	Prasinococcales	g	0.96	Prasinococcaceae		0.96	Prasinoderma		0.96	Prasinoderma_coloniale		0.96
030ef831052776d224d425529dec661a262a047d_1	Eukaryota		1.0	Arthropoda		0.93	Malacostraca		0.48	Decapoda	g	0.48	Portunidae		0.14	Bathynectes		0.13	Bathynectes_longispina		0.13
03468878e1a3fb8a63e7dc4e1e37a3c1b957c277_1	Eukaryota		1.0	Ascomycota		0.15	Saccharomycetes		0.01	Saccharomycetales	g	0.01	Saccharomycetaceae		0.01	Eremothecium		0.01	Eremothecium_sinecaudum		0.01
034a510395e2db4b0d81bab158f80a2a4bd92a8f_1	Eukaryota		1.0	Cnidaria		0.19	Anthozoa		0.18	Scleractinia	g	0.17	Agariciidae		0.09	Pavona		0.08	Pavona_decussata		0.08
03cdf299f8746161dc725c19fb1704422582713e_1	Eukaryota		1.0	Mollusca		0.1	Gastropoda		0.07	Neogastropoda	g	0.04	Conidae		0.03	Conus		0.02	Conus_roeckeli		0.02
072d404dae47ce9ed947ae108c91ffd47e031652_1	Eukaryota		1.0	Annelida		0.34	Polychaeta		0.29	Phyllodocida	g	0.22	Nereididae		0.09	Perinereis		0.09	Perinereis_camiguinoides		0.06
07c7d81fb7da8a8aa45c18a5c50b5cc869a3ec41_1	Eukaryota		1.0	Arthropoda		1.0	Hexanauplia		1.0	Cyclopoida	g	1.0	Oithonidae		1.0	Oithona		1.0	Oithona_nana		1.0
08a2ba5ca597dd7ec1a43b213772f7b7789908b7_1	Eukaryota		1.0	Arthropoda		0.42	Insecta		0.33	Hymenoptera	g	0.14	Tenthredinidae		0.04	Colochela		0.03	Colochela_zhongi		0.03
08f408950582cea232ac3799fc3a878d28139bc1_1	Eukaryota		1.0	Chlorophyta		0.02	Chloropicophyceae		0.0	Chloropicales	g	0.0	Chloropicaceae		0.0	Chloroparvula		0.0	Chloroparvula_japonica		0.0
0a1178010c4829ead52e04c972ba189290d7b451_1	Eukaryota		1.0	Bacillariophyta		1.0	Coscinodiscophyceae		1.0	Thalassiosirales	g	1.0	Skeletonemataceae		1.0	Skeletonema		1.0	Skeletonema_menzelii		1.0
0a71791b40131655bf03dbc3f87f930ac2ecaf4f_1	Eukaryota		1.0	Chordata		0.33	Actinopteri		0.11	Perciformes	g	0.04	Gasterosteidae		0.04	Pungitius		0.04	Pungitius_sinensis		0.04
0ad872a7875a3e6b20d4aaa6a991ee6f8d17c330_1	Eukaryota		1.0	Arthropoda		0.41	Insecta		0.37	Orthoptera	g	0.05	Acrididae		0.03	Hyalopteryx		0.01	Hyalopteryx_rufipennis		0.01
0da33f551066215aad70607bbb35d07e06e9114b_1	Eukaryota		1.0	Arthropoda		0.72	Arachnida		0.15	Araneae	g	0.06	Araneidae		0.01	Metazygia		0.01	Metazygia_wittfeldae		0.01
0ded7ebfa4b4b4254fb7d3d0e978641a83e2a52d_1	Eukaryota		1.0	Chordata		0.35	Aves		0.17	Galliformes	g	0.09	Phasianidae		0.07	Crossoptilon		0.06	Crossoptilon_harmani		0.06
0e2001aea0219b1071f63c68d12c1dfef95caa79_1	Eukaryota		1.0	Pyrenomonadales		0.08	Cryptophyceae_4		0.08	Pyrenomonadales	g	0.08	Geminigeraceae		0.08	Proteomonas		0.08	Proteomonas_sulcata		0.08
0e4bf7e44dd98ee01039de6f29db2ff42f9208f2_1	Eukaryota		1.0	Bryozoa		0.68	Gymnolaemata		0.68	Cheilostomatida	g	0.68	Candidae		0.68	Tricellaria		0.68	Tricellaria_occidentalis		0.68
0f8f245e5b0e79bb205bd0b126acd7ed25d6ed9a_1	Eukaryota		1.0	Discosea		0.87	Flabellinia		0.87	Dactylopodida	g	0.87	Paramoebidae		0.87	Paramoeba		0.85	Paramoeba_pemaquidensis		0.64
10033486fe902654d1384873dce543a0b9359ca3_1	Eukaryota		1.0	Arthropoda		0.36	Insecta		0.32	Hymenoptera	g	0.19	Braconidae		0.1	Therophilus		0.1	Therophilus_festivus		0.1
10da699fc012072b5de26d5adba410c111e3d313_1	Eukaryota		1.0	Rhodophyta		0.33	Florideophyceae		0.33	Ceramiales	g	0.28	Delesseriaceae		0.16	Taenioma		0.16	Taenioma_perpusillum		0.16
1142cd4ac5f775e4ce5b665b451682075627636a_1	Eukaryota		1.0	Bryozoa		0.99	Gymnolaemata		0.99	Cheilostomatida	g	0.99	Candidae		0.99	Tricellaria		0.99	Tricellaria_occidentalis		0.99
120b947d5f29d6ec39756b801428d26362e699d2_1	Eukaryota		1.0	Rhodophyta		0.17	Florideophyceae		0.17	Ceramiales	g	0.14	Rhodomelaceae		0.11	Dipterosiphonia		0.08	Dipterosiphonia_australica		0.08
1295c70991539305464353a942232a529e956221_1	Eukaryota		1.0	Laminariales		0.08	Phaeophyceae_7		0.08	Laminariales	g	0.08	Alariaceae		0.04	Alaria		0.04	Alaria_crassifolia		0.03
1316b0954e28c90b4927ec747d22c53f786d0fba_1	Eukaryota		1.0	Bacillariophyta		0.04	Coscinodiscophyceae		0.04	Thalassiosirales	g	0.03	Thalassiosiraceae		0.03	Thalassiosira		0.03	Thalassiosira_curviseriata		0.03
14d538570d60e33f4387814a8681dfe6ba9cdf4d_1	Eukaryota		1.0	Chordata		0.1	Mammalia		0.03	Carnivora	g	0.01	Felidae		0.01	Prionailurus		0.01	Prionailurus_iriomotensis		0.01
1503437c47c45cd9bc27f4d79f6983497d2a7447_1	Eukaryota		1.0	Arthropoda		0.23	Insecta		0.19	Blattodea	g	0.14	Kalotermitidae		0.09	Incisitermes		0.09	Incisitermes_minor		0.09
1521fc5f4f401afb4618cc19e5f5488b0f72cbdb_1	Eukaryota		1.0	Bryozoa		0.73	Gymnolaemata		0.73	Cheilostomatida	g	0.73	Candidae		0.73	Tricellaria		0.73	Tricellaria_occidentalis		0.73
160e5c4135405570849ca7a11c7a34c917a352b6_1	Eukaryota		1.0	Arthropoda		0.97	Insecta		0.66	Diptera	g	0.37	Chironomidae		0.1	Chironomus		0.07	Chironomus_columbiensis		0.07
17d4b3938a0a9388559d729f46a11272f6113ad9_1	Eukaryota		1.0	Chlorophyta		0.11	Chlorophyceae		0.07	Sphaeropleales	g	0.07	Rotundellaceae		0.03	Rotundella		0.03	Rotundella_rotunda		0.03
18afd49b5897a22f254c4a0012636b0f2cc262a0_1	Eukaryota		1.0	Laminariales		0.1	Phaeophyceae_7		0.1	Laminariales	g	0.1	Laminariaceae		0.07	Laminaria		0.06	Laminaria_pallida		0.01
1960e3a7fa120baec9bf4841e77e1bda0f734f7a_1	Eukaryota		1.0	Arthropoda		1.0	Hexanauplia		1.0	Sessilia	g	1.0	Balanidae		0.96	Balanus		0.96	Balanus_trigonus		0.96
1abd82d79a18fc973bda38d5a5507fe4b85297ac_1	Eukaryota		1.0	Laminariales		0.05	Phaeophyceae_7		0.05	Laminariales	g	0.05	Akkesiphycaceae		0.04	Akkesiphycus		0.04	Akkesiphycus_lubricum		0.04
1bf2f0380f5e8d344f8536f3777ede076d82386d_1	Eukaryota		1.0	Rotifera		0.05	Monogononta		0.05	Ploima	g	0.05	Asplanchnidae		0.05	Asplanchna		0.05	Asplanchna_sieboldi		0.05
1c425705368b02f2ee0b0edce0d54e68f414fcab_1	Eukaryota		1.0	Bacillariophyta		0.15	Coscinodiscophyceae		0.15	Thalassiosirales	g	0.14	Thalassiosiraceae		0.14	Thalassiosira		0.14	Thalassiosira_curviseriata		0.13
1d51a5d76491e0367bd1675642fe37e63e537d20_1	Eukaryota		1.0	Chlorophyta		0.08	Trebouxiophyceae		0.03	Coccomyxa	g	0.03	Coccomyxa		0.03	Coccomyxa		0.03	Coccomyxa_subellipsoidea		0.03
1e3b3c31cc02049e96bdcffe839e4f91aef5e8e0_1	Eukaryota		1.0	Rhodophyta		0.11	Florideophyceae		0.07	Ceramiales	g	0.06	Rhodomelaceae		0.05	Osmundaria		0.05	Osmundaria_fimbriata		0.05
1f516fa55ea741354c95c2d01c6ceaba4d0ce8f4_1	Eukaryota		1.0	Bacillariophyta		0.02	Coscinodiscophyceae		0.02	Rhizosoleniales	g	0.02	Rhizosoleniaceae		0.02	Rhizosolenia		0.02	Rhizosolenia_setigera		0.02
1f558344d442e76059ad2cf7d50d73b50cb3b590_1	Eukaryota		1.0	Chordata		1.0	Ascidiacea		1.0	Phlebobranchia	g	1.0	Ascidiidae		1.0	Ascidiella		1.0	Ascidiella_aspersa		1.0
20c01b09edeaf8cca5b318952cd63ee019d540e9_1	Eukaryota		1.0	Ascomycota		0.12	Saccharomycetes		0.08	Saccharomycetales	g	0.08	Saccharomycetaceae		0.06	Nakaseomyces		0.06	Nakaseomyces_bacillisporus		0.06
20f1cad6c2a160ad2a68320583d1dd3342761e20_1	Eukaryota		1.0	Arthropoda		0.66	Arachnida		0.36	Araneae	g	0.2	Agelenidae		0.07	Spiricoelotes		0.06	Spiricoelotes_chufengensis		0.06
2182e50c981214948a4a93fa386948ebd608afaa_1	Eukaryota		1.0	Bryozoa		0.99	Gymnolaemata		0.99	Cheilostomatida	g	0.99	Bugulidae		0.99	Bugula		0.99	Bugula_neritina		0.99
218d1dff7e04f725cf24315dce30e74b7c817eca_1	Eukaryota		1.0	Bryozoa		0.93	Gymnolaemata		0.93	Cheilostomatida	g	0.93	Candidae		0.93	Tricellaria		0.93	Tricellaria_occidentalis		0.93
225b3731c5385f660be0034ceb2ecaad68892da7_1	Eukaryota		1.0	Chlorophyta		0.12	Ulvophyceae		0.11	Bryopsidales	g	0.11	Codiaceae		0.1	Codium		0.1	Codium_fragile		0.1
2560d88beda64feca645601202731e6d568bb9b2_1	Eukaryota		1.0	Arthropoda		1.0	Hexanauplia		1.0	Sessilia	g	1.0	Balanidae		1.0	Balanus		1.0	Balanus_rostratus		0.99
25c73f18bbe9e1865e9d9d710e5f68b5eade29e3_1	Eukaryota		1.0	Chordata		0.03	Ascidiacea		0.02	Aplousobranchia	g	0.01	Diazonidae		0.01	Rhopalaea		0.01	Rhopalaea_idoneta		0.01
26ef0532b64a740dd7893c18149339d7cd80ccb6_1	Eukaryota		1.0	Chlorophyta		0.21	Trebouxiophyceae		0.12	Chlorellales	g	0.12	Chlorellaceae		0.12	Micractinium		0.07	Micractinium_pusillum		0.06
272f3fbc3a079c20d58387d9d5de7fe2bbbb2b20_1	Eukaryota		1.0	Discosea		0.09	Flabellinia		0.07	Dactylopodida	g	0.07	Paramoebidae		0.07	Korotnevella		0.07	Korotnevella_limbata		0.06
2951047ba0326a6df587a0ee784095bfd7827359_1	Eukaryota		1.0	Arthropoda		1.0	Insecta		1.0	Diptera	g	1.0	Chironomidae		1.0	Tanytarsus		1.0	Tanytarsus_usmaensis		1.0
29e0ea60b9bd5a7cff9faaaf1f88348c4bc69b80_1	Eukaryota		1.0	Gloeochaetales		0.07	Glaucocystophyceae_2		0.07	Gloeochaetales	g	0.07	Gloeochaetaceae		0.07	Gloeochaete		0.07	Gloeochaete_wittrockiana		0.07
2a564848a4671ba9a25d8a3c18436dfdd7c781bd_1	Eukaryota		1.0	Saprolegniales		0.11	Oomycota_2		0.11	Saprolegniales	g	0.11	Saprolegniaceae		0.11	Achlya		0.08	Achlya_hypogyna		0.06
2a88600f3ca32f38e1f071ebfc5400e2f4db3330_1	Eukaryota		1.0	Chlorophyta		0.53	Mamiellophyceae		0.16	Dolichomastigales	g	0.12	Dolichomastigaceae		0.12	Dolichomastix		0.12	Dolichomastix_tenuilepis		0.12
2c2f4852d6b14b6ca4ae739542438dead8ca9a35_1	Eukaryota		1.0	Rhodophyta		0.88	Florideophyceae		0.88	Gracilariales	g	0.17	Gracilariaceae		0.17	Gracilaria		0.16	Gracilaria_cuneifolia		0.12
2cd568036e00f6b1f03077a44ad4468f975f162d_1	Eukaryota		1.0	Mollusca		0.12	Cephalopoda		0.05	Sepiida	g	0.05	Sepiolidae		0.05	Semirossia		0.05	Semirossia_patagonica		0.05
2d0a20e1f9d99e926d4c4411dbafb2e986f9e82c_1	Eukaryota		1.0	Arthropoda		0.54	Diplopoda		0.05	Chordeumatida	g	0.03	Attemsiidae		0.03	Syngonopodium		0.03	Syngonopodium_cornutum		0.03
2de5072805d8e78cd660f36a50d20ddb10c6b9ea_1	Eukaryota		1.0	Ascomycota		0.1	Saccharomycetes		0.06	Saccharomycetales	g	0.06	Saccharomycetaceae		0.04	Nakaseomyces		0.01	Nakaseomyces_delphensis		0.01
2df0a343f2b055b1b5d30ff740ec3b2ff4e21ed2_1	Eukaryota		1.0	Streptophyta		0.13	Bryopsida		0.02	Grimmiales	g	0.02	Grimmiaceae		0.02	Frisvollia		0.01	Frisvollia_varia		0.01
2f3269def05e966dd8e12a12906eeba01ae50b63_1	Eukaryota		1.0	Arthropoda		0.21	Insecta		0.17	Coleoptera	g	0.1	Lucanidae		0.07	Lucanus		0.07	Lucanus_laetus		0.07
2f86a82dd94e7dff051040f268f805d79b96d6ff_1	Eukaryota		1.0	Bryozoa		0.47	Gymnolaemata		0.47	Cheilostomatida	g	0.47	Candidae		0.44	Tricellaria		0.44	Tricellaria_occidentalis		0.44
31c8432e7b4ddc835c664c805743a715387223a4_1	Eukaryota		1.0	Cnidaria		0.21	Anthozoa		0.17	Relicanthidae	g	0.04	Relicanthidae		0.04	Relicanthus		0.04	Relicanthus_daphneae		0.04
31e48614b1112720573c56bb65710f1aff6fe19a_1	Eukaryota		1.0	Annelida		0.44	Polychaeta		0.44	Sabellida	g	0.41	Sabellidae		0.41	Amphiglena		0.41	Amphiglena_mediterranea		0.41
32951baa217d41b0606f6658ac18c8a401c73164_1	Eukaryota		1.0	Bacillariophyta		0.11	Coscinodiscophyceae		0.11	Thalassiosirales	g	0.11	Thalassiosiraceae		0.11	Thalassiosira		0.11	Thalassiosira_curviseriata		0.11
32a03820cbc527e815ae34d449b95e89b8650dbb_1	Eukaryota		1.0	Thraustochytrida		0.24	Bigyra_2		0.24	Thraustochytrida	g	0.24	Thraustochytriaceae		0.24	Aurantiochytrium		0.22	Aurantiochytrium_acetophilum		0.22
32a6bd58bd15ef2f00e53268c6f4daa6a1f0a469_1	Eukaryota		1.0	Ciliophora		0.04	Colpodea		0.03	Colpodida	g	0.03	Marynidae		0.03	Maryna		0.03	Maryna_umbrellata		0.03
335098d6cf8140ac4df70a0e3579fcd5772b4f79_1	Eukaryota		1.0	Arthropoda		0.49	Insecta		0.42	Hemiptera	g	0.08	Cicadidae		0.04	Mogannia		0.01	Mogannia_minuta		0.01
34229ae3a5cec91dbb4cae3c5f570549e8475585_1	Eukaryota		1.0	Ascomycota		0.05	Saccharomycetes		0.04	Saccharomycetales	g	0.04	Saccharomycetaceae		0.03	Nakaseomyces		0.03	Nakaseomyces_bacillisporus		0.03
3484c4d761dbc2710d4f42f7ecb3b96e8103d500_1	Eukaryota		1.0	Peronosporales		0.06	Oomycota_8		0.06	Peronosporales	g	0.06	Peronosporaceae		0.06	Phytophthora		0.06	Phytophthora_oreophila		0.06
354f64668bb9792c1b2a18b05bde430b90c16bb4_1	Eukaryota		1.0	Jakobida		0.03	Jakobida		0.03	Jakobida	g	0.03	Histionidae		0.03	Histiona		0.03	Histiona_aroides		0.03
36061e8969306e221cef626a0a35d6636249b625_1	Eukaryota		1.0	Bryozoa		0.98	Gymnolaemata		0.98	Cheilostomatida	g	0.98	Bugulidae		0.98	Bugula		0.98	Bugula_neritina		0.98
363008d10840fb02e1b436cef53586def546d1cd_1	Eukaryota		1.0	Bacillariophyta		0.8	Bacillariophyceae		0.72	Bacillariales	g	0.64	Bacillariaceae		0.64	Nitzschia		0.42	Nitzschia_alba		0.31
36fdf09f1c24a6f19b776d56a2f49400d9ecb6ad_1	Eukaryota		1.0	Arthropoda		0.36	Insecta		0.32	Neuroptera	g	0.01	Osmylidae		0.01	Thaumatosmylus		0.01	Thaumatosmylus_hainanus		0.01
370b4eaf6354efe97bb485897d979bc6434b29fa_1	Eukaryota		1.0	Cnidaria		0.21	Hydrozoa		0.21	Narcomedusae	g	0.12	Tetraplatiidae		0.12	Tetraplatia		0.12	Tetraplatia_volitans		0.12
37f1383ca5e1f70aaa08554fbf32ae4ad0753e94_1	Eukaryota		1.0	Chordata		0.42	Aves		0.11	Passeriformes	g	0.08	Ptilonorhynchidae		0.03	Prionodura		0.02	Prionodura_newtoniana		0.02
37f1add3c4b8eac97d4a6452ea559e5eeef3fe72_1	Eukaryota		1.0	Porifera		0.28	Demospongiae		0.26	Axinellida	g	0.1	Axinellidae		0.1	Axinella		0.1	Axinella_corrugata		0.1
3b558bf437665a977861dd558431d10f7160e375_1	Eukaryota		1.0	Bryozoa		0.95	Gymnolaemata		0.95	Cheilostomatida	g	0.95	Candidae		0.95	Tricellaria		0.95	Tricellaria_occidentalis		0.95
3b7d93694e3d5cefd920fa0338400f28fe26795a_1	Eukaryota		1.0	Palpitomonas		0.06	Palpitomonas		0.06	Palpitomonas	g	0.06	Palpitomonas		0.06	Palpitomonas		0.06	Palpitomonas_bilix		0.06
3bedc65081c270d66d7adff61101edc7dc88f704_1	Eukaryota		1.0	Bryozoa		1.0	Gymnolaemata		1.0	Cheilostomatida	g	1.0	Watersiporidae		1.0	Watersipora		1.0	Watersipora_subtorquata		0.99
3d0b00c2058caa7a05605b5986ff49c799f52636_1	Eukaryota		1.0	Platyhelminthes		0.15	Monogenea		0.13	Gyrodactylidea	g	0.09	Gyrodactylidae		0.09	Paragyrodactylus		0.09	Paragyrodactylus_variegatus		0.09
3d9769e477e1496b8720a72d6f9a573c6e763bfd_1	Eukaryota		1.0	Rhodophyta		0.45	Florideophyceae		0.45	Ceramiales	g	0.14	Rhodomelaceae		0.12	Laurencia		0.08	Laurencia_snackeyi		0.08
3dbfd19e3ac9f57b73a1b8a4c88ed259b439e56e_1	Eukaryota		1.0	Bacillariophyta		0.32	Mediophyceae		0.18	Triceratiales	g	0.17	Plagiogrammaceae		0.17	Psammoneis		0.11	Psammoneis_japonica		0.11
3ed717aeed1717bd2fcd1d1900ab36549f0a4a31_1	Eukaryota		1.0	Bacillariophyta		0.69	Bacillariophyceae		0.68	Naviculales	g	0.63	Pleurosigmataceae		0.21	Pleurosigma		0.21	Pleurosigma_strigosum		0.21
3ee03033030c7c12c79e00a37494667239552323_1	Eukaryota		1.0	Mollusca		1.0	Gastropoda		1.0	Cycloneritida	g	1.0	Neritidae		1.0	Theodoxus		1.0	Theodoxus_fluviatilis		0.82
3ffe37e6ec92b682153e2a0125faa50113d39a2e_1	Eukaryota		1.0	Bryozoa		0.98	Gymnolaemata		0.98	Cheilostomatida	g	0.98	Bugulidae		0.98	Bugula		0.98	Bugula_neritina		0.98
400196770d94a4d9b672b83181ecab01c009eade_1	Eukaryota		1.0	Ascomycota		0.15	Lecanoromycetes		0.07	Lecanorales	g	0.03	Ramalinaceae		0.03	Ramalina		0.01	Ramalina_intermedia		0.01
4131381066154abcfcb8412416a1f9dc6b19e9dc_1	Eukaryota		1.0	Basidiomycota		0.14	Agaricomycetes		0.14	Agaricales	g	0.06	Schizophyllaceae		0.02	Schizophyllum		0.02	Schizophyllum_commune		0.02
42365cb6e0705f00daa903d08f4e9c04657b4ea9_1	Eukaryota		1.0	Rhodophyta		0.08	Florideophyceae		0.08	Halymeniales	g	0.03	Halymeniaceae		0.03	Yonagunia		0.03	Yonagunia_zollingeri		0.03
42b05fb683a0d32c16d970e75c6f1cb898772a2a_1	Eukaryota		1.0	Bacillariophyta		0.04	Coscinodiscophyceae		0.04	Thalassiosirales	g	0.04	Thalassiosiraceae		0.04	Thalassiosira		0.04	Thalassiosira_curviseriata		0.04
44f1e587a6603b1669d78a1d7fa3277c8db5a6a8_1	Eukaryota		1.0	Arthropoda		0.67	Insecta		0.57	Lepidoptera	g	0.23	Lymantriidae		0.02	Orvasca		0.02	Orvasca_sciasticta		0.02
460abf0b8ca5fb9fbcc64d7dc2f8b688be892a77_1	Eukaryota		1.0	Annelida		1.0	Polychaeta		1.0	Phyllodocida	g	1.0	Polynoidae		1.0	Harmothoe		1.0	Harmothoe_impar		1.0
46237834f24831a9371cee131c448b823697d138_1	Eukaryota		1.0	Bryozoa		0.6	Gymnolaemata		0.6	Cheilostomatida	g	0.6	Candidae		0.59	Tricellaria		0.59	Tricellaria_occidentalis		0.59
464c8ec467d1799a51dff186514411f07cd3fd9d_1	Eukaryota		1.0	Laminariales		0.28	Phaeophyceae_7		0.28	Laminariales	g	0.28	Lessoniaceae		0.15	Lessonia		0.15	Lessonia_variegata		0.15
466ec3996fc8fb2dda829934e679ef249c7cac5a_1	Eukaryota		1.0	Arthropoda		0.45	Hexanauplia		0.1	Harpacticoida	g	0.07	Ectinosomatidae		0.05	Parabradya		0.05	Parabradya_dilatata		0.05
4677fc7a6c5c40fa2a127270017d530559bffd24_1	Eukaryota		1.0	Bryozoa		0.59	Gymnolaemata		0.59	Cheilostomatida	g	0.59	Candidae		0.59	Tricellaria		0.59	Tricellaria_occidentalis		0.59
475c3911a6bce89b8539acf1bc4e6f39bbda6f95_1	Eukaryota		1.0	Sporochnales		0.06	Phaeophyceae_9		0.06	Sporochnales	g	0.06	Sporochnaceae		0.06	Sporochnus		0.06	Sporochnus_bolleanus		0.06
478e52644703a1c9c1b67258e6e174541592da66_1	Eukaryota		1.0	Rhodophyta		0.2	Florideophyceae		0.2	Ceramiales	g	0.12	Rhodomelaceae		0.04	Vertebrata		0.04	Vertebrata_australis		0.04
47a758fc44e72953ed4205a56a65bce6cebc7f82_1	Eukaryota		1.0	Blastocladiomycota		0.06	Blastocladiomycetes		0.06	Blastocladiales	g	0.06	Blastocladiaceae		0.06	Blastocladiella		0.06	Blastocladiella_emersonii		0.06
4850dd2fd3a91e8a5c9f27e76c2866d580f1c574_1	Eukaryota		1.0	Ascomycota		0.12	Saccharomycetes		0.11	Saccharomycetales	g	0.11	Saccharomycetaceae		0.04	Saccharomyces		0.0	Saccharomyces_douglasii		0.0
48d7fd3969ea39f0233efa01e34713916681c842_1	Eukaryota		1.0	Rhodophyta		0.08	Florideophyceae		0.08	Ceramiales	g	0.03	Rhodomelaceae		0.03	Polysiphonia		0.03	Polysiphonia_infestans		0.03
4aaed0b998f99252a285048cc8fd1bf2bceadb17_1	Eukaryota		1.0	Bacillariophyta		0.73	Coscinodiscophyceae		0.72	Thalassiosirales	g	0.72	Skeletonemataceae		0.44	Skeletonema		0.44	Skeletonema_pseudocostatum		0.2
4ad7e3c7ac239c2e3d2b4de42807af1655e0e4a9_1	Eukaryota		1.0	Jakobida		0.06	Jakobida		0.06	Jakobida	g	0.06	Jakobidae		0.05	Jakoba		0.05	Jakoba_bahamiensis		0.05
4b4e619fc9dee0d4e66cd17b31871cb03c335f1b_1	Eukaryota		1.0	Rhodophyta		0.04	Florideophyceae		0.04	Ceramiales	g	0.04	Dasyaceae		0.03	Dipterocladia		0.03	Dipterocladia_arabiensis		0.03
4be76ccfdd9f9c1b9cf77ed34cf7df5218a5e1c1_1	Eukaryota		1.0	Arthropoda		0.66	Malacostraca		0.09	Isopoda	g	0.01	Trachelipodidae		0.01	Orthometopon		0.01	Orthometopon_turcicum		0.0
4ca2d0ebbe0a6282aa76e131898f29f19c91052f_1	Eukaryota		1.0	Bryozoa		0.99	Gymnolaemata		0.99	Cheilostomatida	g	0.99	Candidae		0.99	Tricellaria		0.99	Tricellaria_occidentalis		0.99
4cdefff8c24ff8dba83f44a8a1a13cc9d8ff4e84_1	Eukaryota		1.0	Chordata		0.23	Amphibia		0.06	Caudata	g	0.05	Salamandridae		0.02	Neurergus		0.02	Neurergus_strauchii		0.02
4d356e857125e390e2d334b6ccbfac4e27cc3a78_1	Eukaryota		1.0	Apicomplexa		0.11	Aconoidasida		0.11	Haemosporida	g	0.11	Plasmodiidae		0.09	Nycteria		0.08	Nycteria_heischi		0.07
4d5be06842854cad6e3ddba0dbc9bcf3f6b70567_1	Eukaryota		1.0	Rhodophyta		1.0	Florideophyceae		1.0	Bonnemaisoniales	g	1.0	Bonnemaisoniaceae		1.0	Bonnemaisonia		1.0	Bonnemaisonia_hamifera		1.0
4d8cdc0ee1efe71793397583423016ff4d34c2a7_1	Eukaryota		1.0	Arthropoda		1.0	Hexanauplia		0.94	Harpacticoida	g	0.94	Harpacticidae		0.94	Harpacticus		0.94	Harpacticus_uniremis		0.94
4eebe09c7723d3d376c32dfc6c53a5d2d75c9af8_1	Eukaryota		1.0	Rhodophyta		0.12	Florideophyceae		0.12	Gracilariales	g	0.04	Gracilariaceae		0.04	Melanthalia		0.04	Melanthalia_intermedia		0.04
4f1ae9dbfad135b892662e071d26a35e3cc7d236_1	Eukaryota		1.0	Ascomycota		0.16	Saccharomycetes		0.11	Saccharomycetales	g	0.11	Pichiaceae		0.09	Pichia		0.09	Pichia_kudriavzevii		0.09
5127f5b5bf8693d852b4a0bdaaa8ea2410026802_1	Eukaryota		1.0	Bryozoa		0.52	Gymnolaemata		0.52	Cheilostomatida	g	0.52	Candidae		0.52	Tricellaria		0.52	Tricellaria_occidentalis		0.52
517e90f03a607c9ab6f3b045e3111b2980baed18_1	Eukaryota		1.0	Jakobida		0.24	Jakobida		0.24	Jakobida	g	0.24	Jakobidae		0.22	Jakoba		0.22	Jakoba_bahamiensis		0.22
5362e51af3b215f402656e75a331d247a95751a9_1	Eukaryota		1.0	Ectocarpales		0.04	Phaeophyceae_16		0.04	Ectocarpales	g	0.04	Chordariaceae		0.04	Vimineoleathesia		0.03	Vimineoleathesia_japonica		0.03
539680f33e5c512ec4c69e30bfc59a59d4df5c0f_1	Eukaryota		1.0	Peronosporales		0.14	Oomycota_8		0.14	Peronosporales	g	0.14	Peronosporaceae		0.14	Nothophytophthora		0.06	Nothophytophthora_amphigynosa		0.03
54122505143f6bf164c25c885ec7893c62d3a574_1	Eukaryota		1.0	Chordata		0.16	Ascidiacea		0.07	Aplousobranchia	g	0.07	Diazonidae		0.07	Rhopalaea		0.07	Rhopalaea_idoneta		0.07
547ce766686f5e17290f33634a3c8a269b7d972b_1	Eukaryota		1.0	Mollusca		0.63	Bivalvia		0.63	Pectinoida	g	0.63	Anomiidae		0.62	Anomia		0.62	Anomia_ephippium		0.62
54c9d191bf1b8b2cb11de68ae2fa499443307039_1	Eukaryota		1.0	Tsukubamonadida		0.12	Tsukubamonadida		0.12	Tsukubamonadida	g	0.12	Tsukubamonadidae		0.12	Tsukubamonas		0.12	Tsukubamonas_globosa		0.12
552f54bfd88777670fb034c8c4dd0047f331cd1a_1	Eukaryota		1.0	Bryozoa		0.97	Gymnolaemata		0.97	Cheilostomatida	g	0.97	Candidae		0.97	Tricellaria		0.97	Tricellaria_occidentalis		0.97
554112d3fa55b96f8f24af04607b3e65fb48792f_1	Eukaryota		1.0	Arthropoda		0.64	Hexanauplia		0.17	Calanoida	g	0.11	Diaptomidae		0.04	Lovenula		0.04	Lovenula_raynerae		0.04
5764377a3f2a5e8a2da455174981da4f687dc4c6_1	Eukaryota		1.0	Rhodophyta		0.07	Florideophyceae		0.06	Rhodymeniales	g	0.02	Champiaceae		0.02	Coeloseira		0.02	Coeloseira_compressa		0.02
57ae8c4e583f740d9d89080fbf57d12f0ce448e5_1	Eukaryota		1.0	Fucales		0.11	Phaeophyceae_5		0.11	Fucales	g	0.11	Sargassaceae		0.1	Cystophora		0.04	Cystophora_grevillei		0.04
58814660147c5c9252f7cb40925480edfc0f0b21_1	Eukaryota		1.0	Arthropoda		0.35	Insecta		0.35	Diptera	g	0.06	Tachinidae		0.01	Palesisa		0.01	Palesisa_nudioculata		0.01
58bfe11b921b2d5161d250284c4af3f15e837f99_1	Eukaryota		1.0	Gastrotricha		0.83	Chaetonotida		0.83	Chaetonotida	g	0.83	Chaetonotidae		0.83	Lepidodermella		0.6	Lepidodermella_squamata		0.54
58f268fa5edb35a55480e0a363722c78e2225d12_1	Eukaryota		1.0	Arthropoda		1.0	Hexanauplia		1.0	Sessilia	g	1.0	Balanidae		1.0	Balanus		1.0	Balanus_trigonus		1.0
5a072efaf815634872539a8597b22e3f23f091f4_1	Eukaryota		1.0	Discosea		0.6	Flabellinia		0.6	Dactylopodida	g	0.58	Vexilliferidae		0.58	Vexillifera		0.58	Vexillifera_abyssalis		0.52
5a65512ba3da80e06fa0d5fd88a15e3725ae8e51_1	Eukaryota		1.0	Arthropoda		1.0	Hexanauplia		1.0	Calanoida	g	1.0	Acartiidae		1.0	Acartia		1.0	Acartia_bifilosa		1.0
5a8dd316ba5e6b8f363ea9aca7a555bfe3cfdd3c_1	Eukaryota		1.0	Capsaspora		0.06	Filasterea_1		0.06	Capsaspora	g	0.06	Capsaspora		0.06	Capsaspora		0.06	Capsaspora_owczarzaki		0.06
5abbc20b6018889ca6fc6819cc720b6b2b3ccf4c_1	Eukaryota		1.0	Arthropoda		0.18	Insecta		0.14	Coleoptera	g	0.11	Curculionidae		0.08	Sphenophorus		0.08	Sphenophorus_incurrens		0.08
5f87706021fa0fbfe43ffd0d7b5a82367bb92723_1	Eukaryota		1.0	Cnidaria		0.18	Anthozoa		0.14	Pennatulacea	g	0.1	Protoptilidae		0.06	Protoptilum		0.06	Protoptilum_carpenteri		0.06
5f8da13a7b5069ce6b79242102497fe242367df3_1	Eukaryota		1.0	Rhodophyta		0.04	Florideophyceae		0.04	Batrachospermales	g	0.02	Batrachospermaceae		0.02	Nothocladus		0.02	Nothocladus_kraftii		0.02
60af1831bfea4d57271237c35888ee6d692554b4_1	Eukaryota		1.0	Mollusca		0.16	Bivalvia		0.12	Mytiloida	g	0.07	Mytilidae		0.07	Septifer		0.06	Septifer_bilocularis		0.06
62405b500385d89384f5e9de250b6af408f16eb9_1	Eukaryota		1.0	Cnidaria		0.13	Anthozoa		0.08	Actiniaria	g	0.04	Edwardsiidae		0.04	Edwardsianthus		0.02	Edwardsianthus_gilbertensis		0.02
62cdeb477e393577e8f8634dcde3ca0cc4ca6dbc_1	Eukaryota		1.0	Ascomycota		0.11	Saccharomycetes		0.1	Saccharomycetales	g	0.1	Saccharomycetaceae		0.1	Vanderwaltozyma		0.09	Vanderwaltozyma_polyspora		0.09
637f21f8c44c9d505b2c56be51f829d90346ee31_1	Eukaryota		1.0	Chordata		1.0	Ascidiacea		1.0	Phlebobranchia	g	1.0	Cionidae		1.0	Ciona		1.0	Ciona_intestinalis		0.8
63a24aa225a60bb48d37d360c4509fc54c13a09b_1	Eukaryota		1.0	Chlorophyta		0.09	Chlorophyceae		0.09	Sphaeropleales	g	0.09	Rotundellaceae		0.02	Rotundella		0.02	Rotundella_rotunda		0.02
641bac07ea87f1ca7c01499d93267e36f8e95c85_1	Eukaryota		1.0	Cnidaria		1.0	Hydrozoa		1.0	Leptothecata	g	1.0	Obeliidae		1.0	Obelia		1.0	Obelia_geniculata		1.0
6446bbc675216fa76d3a7574aee9092586b12684_1	Eukaryota		1.0	Fucales		1.0	Phaeophyceae_5		1.0	Fucales	g	1.0	Sargassaceae		1.0	Halidrys		1.0	Halidrys_siliquosa		1.0
64f400aaa62b263c0bc76971c72245a100d26d4c_1	Eukaryota		1.0	Rhodophyta		0.16	Florideophyceae		0.16	Ceramiales	g	0.12	Delesseriaceae		0.1	Caloglossa		0.1	Caloglossa_beccarii		0.1
65886404439239138b1870ef49c9caee9b55f443_1	Eukaryota		1.0	Ascomycota		0.13	Saccharomycetes		0.1	Saccharomycetales	g	0.1	Phaffomycetaceae		0.04	Komagataella		0.04	Komagataella_phaffii		0.04
65897e709a3ed11997a45822465a1ee4c75ac797_1	Eukaryota		1.0	Cnidaria		1.0	Hydrozoa		1.0	Anthoathecata	g	1.0	Pandeidae		1.0	Amphinema		1.0	Amphinema_dinema		1.0
65e4f092c7d001550fa9993164399602e4197f90_1	Eukaryota		1.0	Ectocarpales		1.0	Phaeophyceae_16		1.0	Ectocarpales	g	1.0	Acinetosporaceae		1.0	Pylaiella		1.0	Pylaiella_washingtoniensis		1.0
66d7d63720e5c5dcf2c14d441292bcdc06f79896_1	Eukaryota		1.0	Saprolegniales		0.13	Oomycota_2		0.13	Saprolegniales	g	0.13	Saprolegniaceae		0.13	Brevilegnia		0.13	Brevilegnia_gracilis		0.13
67525c18ec8435081aa7f3baaa7aee4bc9546c3c_1	Eukaryota		1.0	Rhodophyta		0.22	Florideophyceae		0.22	Ceramiales	g	0.09	Spyridiaceae		0.02	Spyridia		0.02	Spyridia_sp		0.02
690552a129294b9d84a179253a2fc7d0adac5f3c_1	Eukaryota		1.0	Ascomycota		0.36	Saccharomycetes		0.26	Saccharomycetales	g	0.26	Saccharomycetaceae		0.12	Nakaseomyces		0.07	Nakaseomyces_bacillisporus		0.04
6a0d11031da6d1e951017d0e1c45b50a0ed30c3c_1	Eukaryota		1.0	Bacillariophyta		0.05	Coscinodiscophyceae		0.05	Thalassiosirales	g	0.05	Thalassiosiraceae		0.05	Thalassiosira		0.05	Thalassiosira_curviseriata		0.05
6af5215266fbeae3f63564e6d0467065870e4547_1	Eukaryota		1.0	Mollusca		0.1	Bivalvia		0.06	Lucinoida	g	0.03	Lucinidae		0.03	Lucinella		0.02	Lucinella_divaricata		0.02
6afe4ff1888d465717cf338d29467234e86a6d93_1	Eukaryota		1.0	Ascomycota		0.89	Saccharomycetes		0.86	Saccharomycetales	g	0.86	Metschnikowiaceae		0.37	Metschnikowia_2		0.33	Metschnikowia_kipukae		0.07
6b2057e03851882021609613f67a3072c0a4cdee_1	Eukaryota		1.0	Arthropoda		0.37	Insecta		0.29	Hymenoptera	g	0.07	Megachilidae		0.04	Megachile		0.03	Megachile_strupigera		0.03
6c7d1a904f5165c5c238ff5ca00d87f787cdbbaa_1	Eukaryota		1.0	Nematoda		0.11	Chromadorea		0.11	Chromadorida	g	0.07	Chromadoridae		0.07	Neochromadora		0.07	Neochromadora_poecilosomoides		0.07
6d9b9e39043d8acebb40fd0fd182b403380d5a4c_1	Eukaryota		1.0	Arthropoda		0.46	Arachnida		0.28	Araneae	g	0.21	Theridiidae		0.09	Echinotheridion		0.08	Echinotheridion_gibberosum		0.08
6ed50f4b8346a7fdf1654b89eaf537cf858ed001_1	Eukaryota		1.0	Chlorophyta		0.15	Chlorophyceae		0.15	Jenufa	g	0.09	Jenufa		0.09	Jenufa		0.09	Jenufa_perforata		0.09
700e15db9f0401f7e5e3cff7cf332252832eb78a_1	Eukaryota		1.0	Echinodermata		0.17	Echinoidea		0.05	Spatangoida	g	0.04	Brissidae		0.04	Brissus		0.04	Brissus_agassizii		0.04
704b7d6d8ed103746f22b7b3cadc8ca7d732744c_1	Eukaryota		1.0	Ascomycota		0.17	Taphrinomycetes		0.1	Taphrinales	g	0.1	Taphrinaceae		0.1	Taphrina		0.1	Taphrina_deformans		0.05
7101e8e9a5b96126013c74056044eb8c8b790dd8_1	Eukaryota		1.0	Bryozoa		0.49	Gymnolaemata		0.49	Cheilostomatida	g	0.49	Candidae		0.49	Tricellaria		0.49	Tricellaria_occidentalis		0.49
713a28ae36c81ca8a1a72a5c43f0abbfc6994063_1	Eukaryota		1.0	Arthropoda		0.61	Arachnida		0.18	Trombidiformes	g	0.11	Halacaridae		0.1	Metarhombognathus		0.1	Metarhombognathus_armatus		0.1
72f0e0594149fc27a627a58d0c1da9f0c5429b03_1	Eukaryota		1.0	Bryozoa		0.74	Gymnolaemata		0.74	Cheilostomatida	g	0.74	Candidae		0.74	Tricellaria		0.74	Tricellaria_occidentalis		0.74
746207ef2a98f8a9aeb6ee38c1155575e7d0c790_1	Eukaryota		1.0	Ascomycota		0.23	Lecanoromycetes		0.18	Phlyctidaceae	g	0.05	Phlyctidaceae		0.05	Phlyctis		0.05	Phlyctis_petraea		0.03
74a435d9477c96f58456f76e52698575888f7721_1	Eukaryota		1.0	Ascomycota		0.3	Dothideomycetes		0.07	Cladosporiales	g	0.06	Cladosporiaceae		0.06	Cladosporium		0.06	Cladosporium_sphaerospermum		0.06
74b608d2bd9bdabefe8f9fe38bf544ef19f7ad15_1	Eukaryota		1.0	Ascomycota		0.08	Taphrinomycetes		0.07	Taphrinales	g	0.07	Taphrinaceae		0.07	Taphrina		0.07	Taphrina_flavorubra		0.02
77339b4ab7fd2634fa1760b6a508c9cbfa2616f9_1	Eukaryota		1.0	Cnidaria		0.79	Hydrozoa		0.74	Anthoathecata	g	0.57	Bougainvilliidae		0.22	Pachycordyle		0.15	Pachycordyle_pusilla		0.15
7736415e59e53b3750359cee4c1966f41a66fd53_1	Eukaryota		1.0	Cnidaria		0.13	Anthozoa		0.11	Scleractinia	g	0.08	Caryophylliidae		0.01	Solenosmilia		0.01	Solenosmilia_variabilis		0.01
77fef1ab43209d4fcbdfe753381bd89a9a59fab9_1	Eukaryota		1.0	Porifera		1.0	Demospongiae		1.0	Dendroceratida	g	1.0	Halisarcidae		1.0	Halisarca		1.0	Halisarca_desqueyrouxae		0.84
78bd62ee90f0cdbc1f82e86039024672b1c3d411_1	Eukaryota		1.0	Basidiomycota		0.06	Tremellomycetes		0.04	Tremellales	g	0.04	Bulleribasidiaceae		0.04	Hannaella		0.04	Hannaella_oryzae		0.04
7bea68d169fc69c0dd06bcb531ecf0ca8d417a13_1	Eukaryota		1.0	Chordata		0.31	Lepidosauria		0.13	Squamata	g	0.13	Colubridae		0.05	Stichophanes		0.05	Stichophanes_ningshaanensis		0.05
7c5dcb3a03b2c70321bf228b717f527ec7f9ab46_1	Eukaryota		1.0	Echinodermata		0.1	Ophiuroidea		0.05	Ophiurida	g	0.05	Ophiocomidae		0.04	Ophiomastix		0.04	Ophiomastix_palaoensis		0.04
7cbd63ab111823b2221790c8454d276e7eeb6154_1	Eukaryota		1.0	Ascomycota		0.15	Saccharomycetes		0.12	Saccharomycetales	g	0.12	Saccharomycetaceae		0.12	Vanderwaltozyma		0.09	Vanderwaltozyma_polyspora		0.09
7cf94566b995a267447951dd214e68731bb994ae_1	Eukaryota		1.0	Bacillariophyta		0.05	Coscinodiscophyceae		0.05	Thalassiosirales	g	0.05	Thalassiosiraceae		0.05	Thalassiosira		0.05	Thalassiosira_curviseriata		0.05
7d162b33a9dbfd3f9945eac8905b949a64933c16_1	Eukaryota		1.0	Cnidaria		0.14	Hydrozoa		0.1	Siphonophorae	g	0.07	Apolemiidae		0.06	Apolemia		0.06	Apolemia_lanosa		0.03
7e1053b65bd7d42a10e52c8f7957b59027d9f38e_1	Eukaryota		1.0	Cnidaria		0.95	Hydrozoa		0.95	Leptothecata	g	0.92	Campanulariidae		0.92	Campanularia		0.92	Campanularia_hincksii		0.92
7ff8cbb2a10e9ac266c1e6c6d4598d0774329fba_1	Eukaryota		1.0	Arthropoda		0.27	Insecta		0.13	Coleoptera	g	0.08	Curculionidae		0.05	Cyamobolus		0.04	Cyamobolus_pr_subsellatus_ARC4872		0.04
7ffc71898bf80a657b5f662d889fec5f3fe08394_1	Eukaryota		1.0	Cnidaria		1.0	Hydrozoa		1.0	Leptothecata	g	1.0	Obeliidae		1.0	Obelia		1.0	Obelia_longissima		0.71
81794ab7dd7ded430bf334e73d74f419564125a2_1	Eukaryota		1.0	Cnidaria		0.04	Anthozoa		0.03	Scleractinia	g	0.03	Acroporidae		0.03	Montipora		0.03	Montipora_incrassata		0.01
838c52d37f82d5eebca78ece241ab0c57597853b_1	Eukaryota		1.0	Cnidaria		0.02	Anthozoa		0.01	Scleractinia	g	0.01	Merulinidae		0.01	Platygyra		0.01	Platygyra_carnosa		0.01
84f78147eb5595677c3bf1ee0e328234b88cb26b_1	Eukaryota		1.0	Platyhelminthes		0.42	Rhabditophora		0.36	Polycladida	g	0.36	Prosthiostomidae		0.36	Prosthiostomum		0.36	Prosthiostomum_siphunculus		0.36
856db9b9434685e1d28055020ca544898c3fe23c_1	Eukaryota		1.0	Annelida		0.61	Polychaeta		0.6	Phyllodocida	g	0.6	Syllidae		0.59	Syllis		0.53	Syllis_gerlachi		0.25
85ec3c1621ca31d582e9ff2705174941f0022b16_1	Eukaryota		1.0	Ascomycota		0.18	Leotiomycetes		0.03	Erysiphales	g	0.03	Erysiphaceae		0.03	Podosphaera		0.03	Podosphaera_xanthii		0.03
863ce539c0a4a2ef2eb6f9983519e27df05679a3_1	Eukaryota		1.0	Ectocarpales		1.0	Phaeophyceae_16		1.0	Ectocarpales	g	1.0	Acinetosporaceae		1.0	Pylaiella		1.0	Pylaiella_littoralis		1.0
864ca120075287290d7d4f3ae4793dd35a3ea154_1	Eukaryota		1.0	Jakobida		0.11	Jakobida		0.11	Jakobida	g	0.11	Ophirina		0.09	Ophirina		0.09	Ophirina_amphinema		0.09
87373b838a9ca91f37efb9b937843bf74cb65a04_1	Eukaryota		1.0	Basidiomycota		0.09	Microbotryomycetes		0.08	Sporidiobolales	g	0.08	Sporidiobolaceae		0.08	Rhodotorula		0.08	Rhodotorula_toruloides		0.08
894b903069131e5951fef671b20af25efadd3918_1	Eukaryota		1.0	Annelida		0.6	Polychaeta		0.6	Sabellida	g	0.6	Serpulidae		0.6	Pomatoceros		0.6	Pomatoceros_triqueter		0.6
8a91cde1543988a087bdd79f95dd600b44f11ddc_1	Eukaryota		1.0	Pythiales		0.13	Oomycota_12		0.13	Pythiales	g	0.13	Pythiaceae		0.13	Pythium		0.13	Pythium_schmitthenneri		0.09
8b053fdafb56e127545eb743c14a63e56174318a_1	Eukaryota		1.0	Bryozoa		0.06	Gymnolaemata		0.06	Cheilostomatida	g	0.06	Umbonulidae		0.06	Umbonula		0.06	Umbonula_littoralis		0.06
8b71471b4273d9472b54ec1acb6b987bf32d8029_1	Eukaryota		1.0	Chlorophyta		0.17	Chlorophyceae		0.11	Chlamydomonadales	g	0.11	Volvocaceae		0.07	Colemanosphaera		0.07	Colemanosphaera_angeleri		0.06
8c05105b2091aaf46c243c0814678a2dfe06fbd5_1	Eukaryota		1.0	Bicosoecida		0.13	Bigyra_1		0.13	Bicosoecida	g	0.13	Cafeteriaceae		0.12	Cafeteria		0.12	Cafeteria_roenbergensis		0.12
8c5f0a2321d01117f3672a80fc49b2d7ef768136_1	Eukaryota		1.0	Thraustochytrida		0.14	Bigyra_2		0.14	Thraustochytrida	g	0.14	Thraustochytriaceae		0.14	Aurantiochytrium		0.07	Aurantiochytrium_acetophilum		0.07
8cd381f8f04807bf94797d29cc0e5bb363a6cc9c_1	Eukaryota		1.0	Streptophyta		0.13	Magnoliopsida		0.07	Dioscoreales	g	0.03	Burmanniaceae		0.03	Afrothismia		0.01	Afrothismia_hydra		0.0
8e5a4b00102a5edb34faae3d70933b035f610682_1	Eukaryota		1.0	Bicosoecida		0.15	Bigyra_1		0.15	Bicosoecida	g	0.15	Cafeteriaceae		0.15	Cafeteria		0.15	Cafeteria_roenbergensis		0.15
8f6f758768ce55300562c9fc043f51c80cdef7e0_1	Eukaryota		1.0	Annelida		0.5	Polychaeta		0.5	Phyllodocida	g	0.49	Phyllodocidae		0.47	Phyllodoce		0.33	Phyllodoce_madeirensis		0.25
8fd5d0d0e7f6093f8f843484059794cfdf1cc909_1	Eukaryota		1.0	Chlorophyta		0.4	Ulvophyceae		0.15	Oltmannsiellopsidales	g	0.15	Oltmannsiellopsidaceae		0.15	Oltmannsiellopsis		0.15	Oltmannsiellopsis_viridis		0.15
90ae0cacad0603660c6033b2b0e78016f04703d4_1	Eukaryota		1.0	Rhodophyta		0.18	Florideophyceae		0.18	Plocamiales	g	0.04	Plocamiaceae		0.04	Plocamiocolax		0.04	Plocamiocolax_pulvinata		0.04
91f6904af8706755c44ad05d95a34a3c44faf183_1	Eukaryota		1.0	Arthropoda		0.52	Diplopoda		0.04	Polydesmida	g	0.04	Paradoxosomatidae		0.03	Asiomorpha		0.03	Asiomorpha_coarctata		0.03
93c5fdaad5693cec585b748a30bd63653471b126_1	Eukaryota		1.0	Annelida		1.0	Polychaeta		1.0	Phyllodocida	g	1.0	Polynoidae		1.0	Harmothoe		1.0	Harmothoe_imbricata		1.0
961e5c9fa021591954e71e7ebfeca4355e6e638f_1	Eukaryota		1.0	Mollusca		0.21	Gastropoda		0.2	Stylommatophora	g	0.16	Geomitridae		0.1	Xerocrassa		0.09	Xerocrassa_moraguesi		0.06
998a7a912d21dd86310fef1b852b2d7c9db7dbb7_1	Eukaryota		1.0	Platyhelminthes		1.0	Rhabditophora		1.0	Polycladida	g	1.0	Leptoplanidae		1.0	Stylochoplana		1.0	Stylochoplana_maculata		1.0
99b78449b12f40cf4b1af4f364552f6c6bfccaf4_1	Eukaryota		1.0	Chordata		0.5	Actinopteri		0.32	Cypriniformes	g	0.13	Cyprinidae		0.06	Osteochilus		0.02	Osteochilus_pentalineatus		0.02
99c25655ff92b0c51ec2cb41a5d55db60cf96222_1	Eukaryota		1.0	Bicosoecida		0.05	Bigyra_1		0.05	Bicosoecida	g	0.05	Cafeteriaceae		0.05	Cafeteria		0.05	Cafeteria_roenbergensis		0.05
99f969daba4db87d53e0fe79037a45d293e965e3_1	Eukaryota		1.0	Arthropoda		0.52	Insecta		0.39	Coleoptera	g	0.17	Coccinellidae		0.05	Scymnus		0.03	Scymnus_cryphaconicus		0.03
9aaec3286f0be5b3dbff5a357a7f55379a88eff1_1	Eukaryota		1.0	Arthropoda		0.25	Insecta		0.2	Phthiraptera	g	0.02	Haematopinidae		0.01	Haematopinus		0.01	Haematopinus_apri		0.01
9bcbfbd8a44129d0b0e24c234ae39c0c5fa8767b_1	Eukaryota		1.0	Ectocarpales		0.08	Phaeophyceae_16		0.08	Ectocarpales	g	0.08	Chordariaceae		0.08	Nemacystus		0.04	Nemacystus_decipiens		0.04
9be77ec13e9fc452d3234700f0fe8d1ea94e9d46_1	Eukaryota		1.0	Chlorophyta		0.15	Trebouxiophyceae		0.12	Coccomyxa	g	0.12	Coccomyxa		0.12	Coccomyxa		0.12	Coccomyxa_subellipsoidea		0.12
9c3c44d7e115eae58196b0a13537ab0a83478beb_1	Eukaryota		1.0	Peronosporales		0.08	Oomycota_8		0.08	Peronosporales	g	0.08	Peronosporaceae		0.08	Peronospora		0.04	Peronospora_sparsa		0.0
9c5ea6d3058286f407b8e0c4d205ab9190673308_1	Eukaryota		1.0	Mollusca		0.41	Gastropoda		0.41	Cerithiidae	g	0.37	Cerithiidae		0.37	Bittium		0.37	Bittium_reticulatum		0.37
9c9fb164f69054d667f6f369bbd8ea9d68723631_1	Eukaryota		1.0	Mollusca		0.69	Gastropoda		0.67	Neogastropoda	g	0.33	Conidae		0.13	Conus		0.11	Conus_genuanus		0.06
9ccb2469127e6e0039d86980080eefbb5013fc76_1	Eukaryota		1.0	Pythiales		0.04	Oomycota_12		0.04	Pythiales	g	0.04	Pythiaceae		0.04	Pythium		0.04	Pythium_sterilum		0.03
9d12970e3695eba4f80764965d82d8d25d1d2967_1	Eukaryota		1.0	Thraustochytrida		0.05	Bigyra_2		0.05	Thraustochytrida	g	0.05	Thraustochytriaceae		0.05	Aurantiochytrium		0.05	Aurantiochytrium_acetophilum		0.05
9e6372ddb6e284749c678e55127b360bdef227a1_1	Eukaryota		1.0	Fucales		0.14	Phaeophyceae_5		0.14	Fucales	g	0.14	Sargassaceae		0.08	Acrocarpia		0.08	Acrocarpia_paniculata		0.08
9ecfdb3f230edabdb6772dc9b904ca0d0c734cd3_1	Eukaryota		1.0	Rhodophyta		0.14	Florideophyceae		0.12	Rhodymeniales	g	0.0	Hymenocladiaceae		0.0	Erythrymenia		0.0	Erythrymenia_obovata		0.0
a0479d6b6a79b40a83578f3f659f61fab8357393_1	Eukaryota		1.0	Bacillariophyta		0.93	Coscinodiscophyceae		0.93	Thalassiosirales	g	0.93	Skeletonemataceae		0.87	Skeletonema		0.87	Skeletonema_pseudocostatum		0.47
a0659a9df6ae1e43998e4bcc02c00bfb6436cca2_1	Eukaryota		1.0	Ascomycota		0.19	Lecanoromycetes		0.11	Phlyctidaceae	g	0.1	Phlyctidaceae		0.1	Phlyctis		0.1	Phlyctis_boliviensis		0.06
a09df255f2cfd11d86ac5d86e5b0053019469bd0_1	Eukaryota		1.0	Arthropoda		0.31	Insecta		0.18	Hemiptera	g	0.09	Cicadidae		0.04	Gudanga		0.01	Gudanga_aurea		0.0
a11b970dc5449defb350177abf087f70a62f08e5_1	Eukaryota		1.0	Bryozoa		0.02	Gymnolaemata		0.02	Cheilostomatida	g	0.02	Bugulidae		0.01	Dendrobeania		0.01	Dendrobeania_murrayana		0.01
a127b67cfeeaf7576864be0eefcf2d249979cdd9_1	Eukaryota		1.0	Discosea		0.98	Longamoebia		0.98	Longamoebia	g	0.98	Acanthamoebidae		0.98	Acanthamoeba		0.98	Acanthamoeba_sp		0.97
a12a3f85b327fa6e17b3b398b5db652f3c3dd8db_1	Eukaryota		1.0	Ascomycota		0.38	Eurotiomycetes		0.19	Onygenales	g	0.18	Arthrodermataceae		0.18	Nannizzia		0.17	Nannizzia_nana		0.17
a1ff9a1a2b28d2a57e4e41dea3e9b3a818963e79_1	Eukaryota		1.0	Chlorophyta		0.08	Ulvophyceae		0.08	Bryopsidales	g	0.08	Codiaceae		0.08	Codium		0.08	Codium_fragile		0.08
a4ac801298a38f2097bd5164d3d0e4830986787f_1	Eukaryota		1.0	Bryozoa		0.88	Gymnolaemata		0.88	Cheilostomatida	g	0.88	Candidae		0.88	Tricellaria		0.88	Tricellaria_occidentalis		0.88
a5e027f84f7f5f60e04f6a678c4bf94fb96e4518_1	Eukaryota		1.0	Platyhelminthes		0.15	Rhabditophora		0.11	Rhabdocoela	g	0.11	Graffillidae		0.11	Graffilla		0.11	Graffilla_buccinicola		0.11
a70cf24a45881e5ac352bfffa0e1160a29434826_1	Eukaryota		1.0	Bryozoa		0.78	Gymnolaemata		0.78	Cheilostomatida	g	0.78	Candidae		0.77	Tricellaria		0.77	Tricellaria_occidentalis		0.77
a71d0433f30be5bbbaf09fc7db9c616c225dc84f_1	Eukaryota		1.0	Arthropoda		0.31	Insecta		0.29	Lepidoptera	g	0.17	Lycaenidae		0.01	Cigaritis		0.01	Cigaritis_phanes		0.01
a78451001fc17a51e795714436d174954d2e555a_1	Eukaryota		1.0	Ascomycota		0.04	Lecanoromycetes		0.03	Lecanorales	g	0.03	Cladoniaceae		0.02	Cladonia		0.02	Cladonia_ravenelii		0.0
a7e801bf68245014b9bbb4b83bbc37c64ca0df35_1	Eukaryota		1.0	Porifera		0.42	Demospongiae		0.4	Axinellida	g	0.3	Raspailiidae		0.25	Raspailia		0.15	Raspailia_viminalis		0.15
a7f0d35e66b0af92421cf040060a2c4fbcd057b2_1	Eukaryota		1.0	Chrysoparadoxa		0.04	Chrysoparadoxa		0.04	Chrysoparadoxa	g	0.04	Chrysoparadoxa		0.04	Chrysoparadoxa		0.04	Chrysoparadoxa_australica		0.04
aa38b28951d8c6ce220c3f04f276262a73da084c_1	Eukaryota		1.0	Rhodophyta		0.11	Bangiophyceae		0.05	Bangiales	g	0.05	Bangiaceae		0.05	Pyropia		0.05	Pyropia_endiviifolia		0.05
aa5e098e8c9a4027684006e716d298c9d2e9cb62_1	Eukaryota		1.0	Gastrotricha		0.84	Chaetonotida		0.84	Chaetonotida	g	0.84	Chaetonotidae		0.84	Lepidodermella		0.59	Lepidodermella_squamata		0.39
ab1b0371ab65e332be069d58ae65f4f133e3baf8_1	Eukaryota		1.0	Chlorophyta		0.07	Pyramimonadophyceae		0.01	Pyramimonadales	g	0.01	Pyramimonadaceae		0.01	Cymbomonas		0.01	Cymbomonas_tetramitiformis		0.01
ae2faccc88a4e19f5f90084cd7ab04615db6b285_1	Eukaryota		1.0	Bacillariophyta		0.02	Coscinodiscophyceae		0.02	Thalassiosirales	g	0.02	Thalassiosiraceae		0.02	Thalassiosira		0.02	Thalassiosira_curviseriata		0.02
b03c6163ca68e06744a09750f452d2d0651f6d60_1	Eukaryota		1.0	Annelida		0.65	Polychaeta		0.56	Terebellida	g	0.15	Terebellidae		0.13	Pista		0.11	Pista_australis		0.11
b0a7f6dff138a4ffae34636597a2bf3d856a4d9b_1	Eukaryota		1.0	Annelida		0.62	Polychaeta		0.59	Orbiniidae	g	0.53	Orbiniidae		0.53	Naineris		0.43	Naineris_laevigata		0.22
b3d41ba43852925da8796ce03985fb9003b663cf_1	Eukaryota		1.0	Cnidaria		0.05	Anthozoa		0.05	Alcyonacea	g	0.05	Gorgoniidae		0.03	Leptogorgia		0.02	Leptogorgia_capverdensis		0.0
b4161107c2674c560fc1e4df1e376a14579823da_1	Eukaryota		1.0	Bacillariophyta		0.15	Coscinodiscophyceae		0.15	Thalassiosirales	g	0.15	Thalassiosiraceae		0.15	Thalassiosira		0.15	Thalassiosira_curviseriata		0.15
b568b67436465d20efdc8b1c3d14e5c3a7a79246_1	Eukaryota		1.0	Saprolegniales		0.09	Oomycota_2		0.09	Saprolegniales	g	0.09	Saprolegniaceae		0.09	Brevilegnia		0.07	Brevilegnia_gracilis		0.07
b5df0be0aad76857a956e0833d438d1834ffbc79_1	Eukaryota		1.0	Chordata		0.22	Mammalia		0.03	Primates	g	0.0	Lepilemuridae		0.0	Lepilemur		0.0	Lepilemur_microdon		0.0
b7f8234af4cb9ddbb027e868640790fd039b1625_1	Eukaryota		1.0	Olpidiopsidales		0.09	Oomycota_13		0.09	Olpidiopsidales	g	0.09	Olpidiopsidaceae		0.09	Olpidiopsis		0.09	Olpidiopsis_feldmanni		0.09
b86aeb2f93ce88ff290a5b121d6ca779472dea05_1	Eukaryota		1.0	Arthropoda		1.0	Malacostraca		1.0	Decapoda	g	1.0	Carcinidae		1.0	Carcinus		1.0	Carcinus_maenas		1.0
b8a0f9cc2d04e8f40d165e1dfb91dfcfd8935a3a_1	Eukaryota		1.0	Chordata		0.48	Actinopteri		0.24	Cyprinodontiformes	g	0.11	Nothobranchiidae		0.1	Nimbapanchax		0.09	Nimbapanchax_leucopterygius		0.09
b950b7d90c9e09f45b42ac5edbbf0a4fa75a62a3_1	Eukaryota		1.0	Cnidaria		0.19	Hydrozoa		0.17	Anthoathecata	g	0.09	Zancleidae		0.0	Zanclea		0.0	Zanclea_implexa		0.0
b97c0b332c228dabd0524f5975285d109218e5c4_1	Eukaryota		1.0	Echinodermata		1.0	Echinoidea		1.0	Echinoida	g	1.0	Echinidae		1.0	Psammechinus		1.0	Psammechinus_miliaris		1.0
b9e026c2d9f9383b1360f9d1170c293edf1587e5_1	Eukaryota		1.0	Euglenozoa		0.06	Kinetoplastea		0.06	Trypanosomatida	g	0.05	Trypanosomatidae		0.05	Trypanosoma		0.05	Trypanosoma_brucei		0.05
ba070aa0b4b609466e658977447ba2381dbef59b_1	Eukaryota		1.0	Chordata		0.57	Aves		0.26	Strigiformes	g	0.04	Strigidae		0.04	Ninox		0.04	Ninox_strenua		0.04
baac4e21751978065991af32050497a85b66b985_1	Eukaryota		1.0	Arthropoda		1.0	Hexanauplia		1.0	Sessilia	g	1.0	Balanidae		1.0	Balanus		1.0	Balanus_trigonus		1.0
baf3fdcaec84cc6cc2e53494a7ae48a5c3c530e9_1	Eukaryota		1.0	Arthropoda		0.83	Malacostraca		0.47	Decapoda	g	0.47	Portunidae		0.12	Bathynectes		0.06	Bathynectes_longispina		0.06
bd1ff2d00ef106d09ca5a064dc9a16c82d94ce20_1	Eukaryota		1.0	Chlorophyta		0.04	Trebouxiophyceae		0.02	Coccomyxa	g	0.02	Coccomyxa		0.02	Coccomyxa		0.02	Coccomyxa_subellipsoidea		0.02
be698a74dae6c44538dd350b20c2baa2fe43b27c_1	Eukaryota		1.0	Eustigmatales		0.13	Eustigmatophyceae_2		0.13	Eustigmatales	g	0.13	Eustigmataceae		0.12	Vischeria		0.12	Vischeria_stellata		0.09
be7b143d086edd9fbff573c93f3da00ab962c666_1	Eukaryota		1.0	Ascomycota		0.07	Taphrinomycetes		0.05	Taphrinales	g	0.05	Taphrinaceae		0.05	Taphrina		0.05	Taphrina_deformans		0.04
bea3793b30ff13b48c866933074f13dce115645d_1	Eukaryota		1.0	Apicomplexa		0.19	Aconoidasida		0.14	Haemosporida	g	0.13	Leucocytozoidae		0.03	Leucocytozoon		0.03	Leucocytozoon_dubreuili		0.03
beca2eff327c0bf97d55fb7a8ee42a27d1f982b3_1	Eukaryota		1.0	Mollusca		1.0	Gastropoda		1.0	Cerithiidae	g	1.0	Cerithiidae		1.0	Bittium		1.0	Bittium_reticulatum		1.0
bf36f9450f79c841dc9e00e65e8ca79576b39083_1	Eukaryota		1.0	Cnidaria		0.07	Anthozoa		0.04	Scleractinia	g	0.01	Merulinidae		0.01	Platygyra		0.0	Platygyra_carnosa		0.0
bf9f185dad3053e91e639f3e9150e2176d1eaa66_1	Eukaryota		1.0	Arthropoda		0.6	Hexanauplia		0.28	Calanoida	g	0.18	Diaptomidae		0.03	Lovenula		0.02	Lovenula_raynerae		0.02
bfb5684043b15b1e7057f427a49b9b6a7a8fc134_1	Eukaryota		1.0	Chordata		0.61	Actinopteri		0.29	Anguilliformes	g	0.05	Colocongridae		0.04	Coloconger		0.04	Coloconger_cadenati		0.04
bfc03b85be0b08cf62faa7e23e812a099d4f0c19_1	Eukaryota		1.0	Arthropoda		0.75	Insecta		0.52	Coleoptera	g	0.12	Coccinellidae		0.0	Scymnus		0.0	Scymnus_cladocerus		0.0
c0993222f153ec6ae50f81d06f5b6e24a072733a_1	Eukaryota		1.0	Mollusca		0.74	Gastropoda		0.74	Cycloneritida	g	0.19	Neritopsidae		0.1	Titiscania		0.1	Titiscania_limacina		0.1
c101536725587e0f395121665aceb01809a0d9e3_1	Eukaryota		1.0	Arthropoda		0.97	Hexanauplia		0.85	Sessilia	g	0.85	Balanidae		0.76	Balanus		0.26	Balanus_trigonus		0.26
c1514241c29560588a85e291974ce482ef43b077_1	Eukaryota		1.0	Arthropoda		0.31	Arachnida		0.09	Sarcoptiformes	g	0.03	Pteronyssidae		0.02	Stenopteronyssus		0.02	Stenopteronyssus_proctorae		0.02
c1e9ad449c4fba8856016806efd2c9c1a59c3072_1	Eukaryota		1.0	Cnidaria		0.07	Anthozoa		0.07	Scleractinia	g	0.07	Merulinidae		0.05	Platygyra		0.05	Platygyra_carnosa		0.05
c28461f6b2612e0358e664506ae945372d85c357_1	Eukaryota		1.0	Chordata		0.21	Lepidosauria		0.09	Squamata	g	0.09	Agamidae		0.06	Leiolepis		0.05	Leiolepis_belliana		0.04
c42cc3fa77681a0e7d346e87d17a7b4dac37e98b_1	Eukaryota		1.0	Streptophyta		0.35	Gnetopsida		0.13	Ephedrales	g	0.12	Ephedraceae		0.12	Ephedra		0.12	Ephedra_triandra		0.09
c89a6385a5b9127d912ece11e06368d9222d0a88_1	Eukaryota		1.0	Thraustochytrida		0.59	Bigyra_2		0.59	Thraustochytrida	g	0.59	Thraustochytriaceae		0.59	Aurantiochytrium		0.48	Aurantiochytrium_acetophilum		0.29
ca4ecfda3546ac7c0946af8fab2b57ca4f732213_1	Eukaryota		1.0	Bryozoa		0.66	Gymnolaemata		0.66	Cheilostomatida	g	0.66	Candidae		0.64	Tricellaria		0.64	Tricellaria_occidentalis		0.64
cb5d3e506d6adb1da5dcec648574b03e51ef6c03_1	Eukaryota		1.0	Chordata		0.99	Actinopteri		0.92	Kurtiformes	g	0.29	Apogonidae		0.29	Ostorhinchus		0.29	Ostorhinchus_selas		0.29
cb6b542cdf433b7d7ce9f1a0014ef47f901e2c10_1	Eukaryota		1.0	Ascomycota		0.38	Saccharomycetes		0.28	Saccharomycetales	g	0.28	Saccharomycetaceae		0.14	Eremothecium		0.03	Eremothecium_sinecaudum		0.03
cca5f41045b0a61fb8e919016701b50f441cd401_1	Eukaryota		1.0	Porifera		1.0	Demospongiae		1.0	Suberitida	g	1.0	Halichondriidae		1.0	Halichondria		1.0	Halichondria_panicea		1.0
cf7eb0028b1c56e614a4fbaf5a1e5f1d4abde487_1	Eukaryota		1.0	Bacillariophyta		0.12	Coscinodiscophyceae		0.12	Thalassiosirales	g	0.12	Thalassiosiraceae		0.12	Thalassiosira		0.12	Thalassiosira_curviseriata		0.12
cfc3994b0e0d2275b93da56e54742b254dc39a37_1	Eukaryota		1.0	Saprolegniales		0.1	Oomycota_2		0.1	Saprolegniales	g	0.1	Saprolegniaceae		0.1	Aphanomyces		0.07	Aphanomyces_invadans		0.07
d09287c1aa7f0d63b225a97d915e21b8cf86da03_1	Eukaryota		1.0	Nematoda		0.13	Chromadorea		0.13	Rhabditida	g	0.13	Rhabditidae		0.08	Caenorhabditis		0.08	Caenorhabditis_afra		0.08
d206504b848815597f80865589393f0d9b8c7225_1	Eukaryota		1.0	Arthropoda		0.75	Arachnida		0.45	Scorpiones	g	0.07	Bothriuridae		0.04	Thestylus		0.04	Thestylus_aurantiurus		0.04
d375f9a2890e74f532a9f8e9b2fd0976333f6252_1	Eukaryota		1.0	Discosea		0.11	Flabellinia		0.11	Dactylopodida	g	0.09	Paramoebidae		0.09	Cunea		0.08	Cunea_russae		0.08
d4c6fd2762237e66839b7e4c51121a1d4725f08c_1	Eukaryota		1.0	Basidiomycota		0.05	Agaricomycetes		0.04	Russulales	g	0.03	Russulaceae		0.02	Lactarius_2		0.01	Lactarius_volemus		0.01
d5ad3452d03ba6ea04857442fe74c93e54309595_1	Eukaryota		1.0	Bryozoa		0.94	Gymnolaemata		0.94	Cheilostomatida	g	0.94	Candidae		0.94	Tricellaria		0.94	Tricellaria_occidentalis		0.94
d674baeb952b8a76f29db5630a118415e8001825_1	Eukaryota		1.0	Ascomycota		0.19	Taphrinomycetes		0.09	Taphrinales	g	0.09	Taphrinaceae		0.09	Taphrina		0.09	Taphrina_deformans		0.06
d91e4f5a7edc004a4ac60506d91bf2a3ed5b17f1_1	Eukaryota		1.0	Chlorophyta		1.0	Pycnococcaceae		1.0	Pycnococcaceae	g	1.0	Pycnococcaceae		1.0	Pycnococcus		1.0	Pycnococcus_provasolii		1.0
d9f516ee2b9acc57d3ea5632062089e1bb686255_1	Eukaryota		1.0	Euglenozoa		0.05	Diplonemea		0.05	Diplonemea	g	0.05	Diplonemidae		0.05	Sulcionema		0.04	Sulcionema_specki		0.04
dbb12b989c1ca27f7ec20d8ddac2825cd2943ff4_1	Eukaryota		1.0	Cnidaria		1.0	Hydrozoa		1.0	Leptothecata	g	1.0	Campanulariidae		1.0	Campanularia		1.0	Campanularia_hincksii		1.0
dd52b0df230acf1a79239e0141dcd49488d71536_1	Eukaryota		1.0	Arthropoda		0.28	Arachnida		0.2	Scorpiones	g	0.05	Diplocentridae		0.04	Diplocentrus		0.04	Diplocentrus_motagua		0.02
dde73ed2557adeb3f6923faf51815deb2091a375_1	Eukaryota		1.0	Bacillariophyta		0.17	Bacillariophyceae		0.16	Naviculales	g	0.11	Amphipleuraceae		0.05	Frustulia		0.05	Frustulia_vulgaris		0.04
de08cdb0f703f522c093e08137b9e8b928b2990f_1	Eukaryota		1.0	Discosea		0.31	Longamoebia		0.27	Longamoebia	g	0.27	Acanthamoebidae		0.27	Acanthamoeba		0.27	Acanthamoeba_byersi		0.21
df8c1e722caecdbfd9f0dac536ef27d6a0d0d869_1	Eukaryota		1.0	Blastocladiomycota		0.06	Blastocladiomycetes		0.06	Blastocladiales	g	0.06	Blastocladiaceae		0.06	Blastocladiella		0.06	Blastocladiella_emersonii		0.06
dfc235d5c9031e602c2eae22d4aec897ae357603_1	Eukaryota		1.0	Porifera		0.04	Homoscleromorpha		0.03	Homosclerophorida	g	0.03	Oscarellidae		0.03	Oscarella		0.02	Oscarella_pearsei		0.02
dffaf63359575488eb3c9682e45fa9ba59377da5_1	Eukaryota		1.0	Bacillariophyta		0.39	Coscinodiscophyceae		0.38	Thalassiosirales	g	0.38	Thalassiosiraceae		0.38	Thalassiosira		0.38	Thalassiosira_curviseriata		0.38
e25ece8070ab1cbaf892c874cabd756b923505ea_1	Eukaryota		1.0	Arthropoda		0.32	Arachnida		0.19	Sarcoptiformes	g	0.09	Psoroptidae		0.05	Chorioptes		0.05	Chorioptes_sweatmani		0.05
e26104d8a38a488033725f652a7ab0e1dc0a0ad2_1	Eukaryota		1.0	Ascomycota		0.2	Taphrinomycetes		0.07	Taphrinales	g	0.07	Taphrinaceae		0.07	Taphrina		0.07	Taphrina_deformans		0.06
e28dc9617a4c87897e9e35b48a5c2b24a0382349_1	Eukaryota		1.0	Basidiomycota		0.29	Agaricomycetes		0.26	Agaricales	g	0.19	Amanitaceae		0.14	Amanita		0.14	Amanita_basii		0.08
e2d0ec198d9b5cabcab97a5357e630c77bb0b726_1	Eukaryota		1.0	Apicomplexa		0.17	Aconoidasida		0.15	Haemosporida	g	0.15	Haemoproteidae		0.06	Haemoproteus		0.06	Haemoproteus_sacharovi		0.02
e2f7ecfb837401c2fc2b22aaf7a342bea054864c_1	Eukaryota		1.0	Ectocarpales		0.06	Phaeophyceae_16		0.06	Ectocarpales	g	0.06	Chordariaceae		0.06	Sauvageaugloia		0.02	Sauvageaugloia_divaricata		0.02
e48ebcaf11849241019adc8ee04356064cbe2d3f_1	Eukaryota		1.0	Rhodophyta		0.1	Florideophyceae		0.1	Ceramiales	g	0.09	Delesseriaceae		0.08	Membranoptera		0.06	Membranoptera_tenuis		0.05
e520e0d58d5232fa244ebf720f44a3ffee250fa9_1	Eukaryota		1.0	Annelida		0.21	Polychaeta		0.21	Capitellida	g	0.19	Capitellidae		0.19	Capitella		0.19	Capitella_capitata		0.16
e61f924d0cfcbc80eee56de197b82a2c09579432_1	Eukaryota		1.0	Cnidaria		1.0	Hydrozoa		1.0	Leptothecata	g	1.0	Campanulariidae		1.0	Campanularia		1.0	Campanularia_hincksii		1.0
e677431e0b4eed7c019cf5ced53f287363e8ea99_1	Eukaryota		1.0	Ascomycota		0.15	Arthoniomycetes		0.11	Arthoniales	g	0.11	Arthoniaceae		0.1	Arthothelium		0.04	Arthothelium_ruanum		0.04
e6d6939fd11494722e839b923ea6a22344d23cb9_1	Eukaryota		1.0	Ciliophora		0.08	Oligohymenophorea		0.07	Hymenostomatida	g	0.07	Tetrahymenidae		0.07	Tetrahymena		0.07	Tetrahymena_cosmopolitanis		0.03
e723d91edeb2433a7a248f702c4fcaf5cd47600e_1	Eukaryota		1.0	Arthropoda		1.0	Hexanauplia		1.0	Sessilia	g	1.0	Balanidae		1.0	Balanus		1.0	Balanus_trigonus		1.0
e771a4287cdbcbe3dcbc4b5ade7b738242001e57_1	Eukaryota		1.0	Fucales		0.27	Phaeophyceae_5		0.27	Fucales	g	0.27	Sargassaceae		0.27	Sargassum		0.25	Sargassum_yezoense		0.08
e7a31f60b1056aad72f9036fbe858c75188a2f19_1	Eukaryota		1.0	Bacillariophyta		0.1	Coscinodiscophyceae		0.1	Thalassiosirales	g	0.1	Thalassiosiraceae		0.1	Thalassiosira		0.1	Thalassiosira_curviseriata		0.1
e7f0da315300a08c79931078091a3587d3fdea91_1	Eukaryota		1.0	Chlorophyta		0.17	Chlorophyceae		0.15	Chlamydomonadales	g	0.1	Chlamydomonadaceae		0.07	Chlamydomonas		0.07	Chlamydomonas_incerta		0.07
e91d4e85ffdd0542d06d2e9a84b9dab446c6c3bb_1	Eukaryota		1.0	Fucales		0.05	Phaeophyceae_5		0.05	Fucales	g	0.05	Seirococcaceae		0.03	Cystosphaera		0.03	Cystosphaera_jacquinotii		0.03
e96d936b48d30501e1526fc0b1f1fcad956405f7_1	Eukaryota		1.0	Streptophyta		0.31	Magnoliopsida		0.2	Alismatales	g	0.07	Hydrocharitaceae		0.07	Halophila		0.07	Halophila_decipiens		0.07
eb1d9dea1bb823b42de061a31e007f2e28a1c243_1	Eukaryota		1.0	Arthropoda		0.88	Insecta		0.82	Hymenoptera	g	0.27	Tenthredinidae		0.05	Colochela		0.04	Colochela_zhongi		0.04
eb4788fcbe1b58ec66c8048087158760fc2e2d5c_1	Eukaryota		1.0	Dictyotales		0.03	Phaeophyceae_2		0.03	Dictyotales	g	0.03	Dictyotaceae		0.03	Dictyopteris		0.03	Dictyopteris_prolifera		0.03
eb5530f6e96dde9f87d68e069b8b16f12a7a37ea_1	Eukaryota		1.0	Arthropoda		0.32	Insecta		0.18	Lepidoptera	g	0.14	Crambidae		0.08	Paracymoriza		0.07	Paracymoriza_distinctalis		0.07
ecb33c372062567a5120b398750c36c2846ba2b5_1	Eukaryota		1.0	Streptophyta		0.13	Zygnemophyceae		0.11	Desmidiales	g	0.1	Gonatozygaceae		0.1	Gonatozygon		0.1	Gonatozygon_brebissonii		0.1
eccd4ad97721a053b876a0051acd1532a1e30635_1	Eukaryota		1.0	Ancoracysta		0.14	Ancoracysta		0.14	Ancoracysta	g	0.14	Ancoracysta		0.14	Ancoracysta		0.14	Ancoracysta_twista		0.14
ece15a2262265b0ed2372cbfd3f0ad4888980cb9_1	Eukaryota		1.0	Ascomycota		0.15	Taphrinomycetes		0.12	Taphrinales	g	0.12	Taphrinaceae		0.12	Taphrina		0.12	Taphrina_deformans		0.11
eef2a2082184d65bab5db29718aaab26e9bbe680_1	Eukaryota		1.0	Annelida		0.64	Polychaeta		0.47	Terebellida	g	0.4	Terebellidae		0.39	Neoamphitrite		0.15	Neoamphitrite_robusta_CMC02		0.13
ef2a5d22f461ccbf5afae67e14960ac42085d5d8_1	Eukaryota		1.0	Arthropoda		0.73	Arachnida		0.24	Araneae	g	0.23	Theridiidae		0.02	Anelosimus		0.01	Anelosimus_jabaquara		0.01
f125d3a3a610ef30b48a480b5f409a83c09720e3_1	Eukaryota		1.0	Chordata		0.77	Ascidiacea		0.77	Stolidobranchia	g	0.76	Styelidae		0.6	Botrylloides		0.49	Botrylloides_jacksonianum		0.23
f129f9bed509fcb2a9b37d5f08a29f4f3661d544_1	Eukaryota		1.0	Jakobida		0.02	Jakobida		0.02	Jakobida	g	0.02	Jakobidae		0.02	Jakoba		0.02	Jakoba_libera		0.02
f4761e8c6bc7845d72c24915d0848283f6a5de7d_1	Eukaryota		1.0	Bryozoa		0.27	Gymnolaemata		0.27	Cheilostomatida	g	0.27	Candidae		0.27	Tricellaria		0.27	Tricellaria_occidentalis		0.27
f6d1008188e38104cfbe108972571f81c4d00a91_1	Eukaryota		1.0	Mollusca		0.18	Bivalvia		0.13	Mytiloida	g	0.09	Mytilidae		0.09	Septifer		0.09	Septifer_bilocularis		0.09
f725257b472078a094adeea9ec7ef6e3c0001905_1	Eukaryota		1.0	Porifera		0.09	Demospongiae		0.09	Dendroceratida	g	0.06	Halisarcidae		0.06	Halisarca		0.06	Halisarca_harmelini		0.06
f80300c183da967c3ab34448545f7b6aea6dddbd_1	Eukaryota		1.0	Ascomycota		0.05	Saccharomycetes		0.03	Saccharomycetales	g	0.03	Saccharomycetaceae		0.03	Vanderwaltozyma		0.02	Vanderwaltozyma_polyspora		0.02
f95cb2cf622175f978a2c2e42073b8566dd91c98_1	Eukaryota		1.0	Discosea		0.53	Flabellinia		0.53	Dactylopodida	g	0.53	Paramoebidae		0.53	Paramoeba		0.46	Paramoeba_pemaquidensis		0.37
fa0307b52b2e905c7d1471f9cba3963f3cae6d7c_1	Eukaryota		1.0	Cnidaria		0.28	Hydrozoa		0.24	Siphonophorae	g	0.21	Rhodaliidae		0.2	Dendrogramma		0.2	Dendrogramma_enigmatica		0.2
fa4f8c902da273ef473ca5374e29a9f628db5153_1	Eukaryota		1.0	Annelida		1.0	Polychaeta		1.0	Phyllodocida	g	1.0	Syllidae		1.0	Myrianida		1.0	Myrianida_rubropunctata		1.0
fa51ce1be50a6dd1be593745db1e39f7c5f5e0d6_1	Eukaryota		1.0	Bacillariophyta		0.45	Coscinodiscophyceae		0.24	Melosirales	g	0.18	Melosiraceae		0.18	Melosira		0.18	Melosira_undulata		0.18
faa59503e9a13ef316bb6ce08aef0ede35e9047e_1	Eukaryota		1.0	Ascomycota		0.16	Lecanoromycetes		0.08	Ostropales	g	0.05	Graphidaceae		0.05	Gomphillus		0.05	Gomphillus_americanus		0.05
fafc54411289435ec3485f2f746f4bf2e9f3c380_1	Eukaryota		1.0	Jakobida		0.11	Jakobida		0.11	Jakobida	g	0.11	Jakobidae		0.1	Jakoba		0.1	Jakoba_bahamiensis		0.1
fb922d0d21543676bee934cc9bff36e5ae659465_1	Eukaryota		1.0	Arthropoda		0.82	Insecta		0.74	Hemiptera	g	0.11	Aphrophoridae		0.05	Aphrophora		0.05	Aphrophora_maritima		0.05
fdc0023fdb626e50fe1944c808d8d215c470df29_1	Eukaryota		1.0	Arthropoda		0.93	Hexanauplia		0.83	Sessilia	g	0.82	Balanidae		0.8	Balanus		0.8	Balanus_trigonus		0.8
fe2f989a54e63c4ad7203af2224a55a228aa45b7_1	Eukaryota		1.0	Bryozoa		0.56	Gymnolaemata		0.56	Cheilostomatida	g	0.56	Candidae		0.56	Tricellaria		0.56	Tricellaria_occidentalis		0.56
fe656ed8774e917723e05489b999738aab85c031_1	Eukaryota		1.0	Laminariales		0.06	Phaeophyceae_7		0.06	Laminariales	g	0.06	Laminariaceae		0.04	Macrocystis		0.03	Macrocystis_integrifolia		0.03
feb2b785563be2a11e1d692253e738a60a3b0fa3_1	Eukaryota		1.0	Cnidaria		1.0	Hydrozoa		1.0	Leptothecata	g	1.0	Clytiidae		1.0	Clytia		1.0	Clytia_paulensis		0.98
